District code,State name,District name,Population,Male,Female,Literate,Male_Literate,Female_Literate,Hindus,Muslims,Christians,Sikhs,Buddhists,Jains,Others_Religions,LPG_or_PNG_Households,Housholds_with_Electric_Lighting,Households_with_Internet,Households_with_Computer,Rural_Households,Urban_Households,Primary_Education,Secondary_Education,Higher_Education,Age_Group_0_29,Age_Group_30_49,Age_Group_50
1,JAMMU AND KASHMIR,Kupwara,870354,474190,396164,439654,282823,156831,37128,823286,1700,5600,66,39,13,15828,83071,762,5256,158438,23226,101642,74948,39709,600759,178435,89679
2,JAMMU AND KASHMIR,Badgam,753745,398041,355704,335649,207741,127908,10110,736054,1489,5559,47,6,2,15118,90190,1999,5892,160649,27190,80862,66459,41367,503223,160933,88978
3,JAMMU AND KASHMIR,Leh(Ladakh),133487,78971,54516,93770,62834,30936,22882,19057,658,1092,88635,103,54,13645,17250,574,2150,36920,17474,15181,16265,8923,70703,41515,21019
4,JAMMU AND KASHMIR,Kargil,140802,77785,63017,86236,56301,29935,10341,108239,604,1171,20126,28,4,3285,15824,235,1005,40370,7774,19083,16938,9826,87532,35561,17488
5,JAMMU AND KASHMIR,Punch,476835,251899,224936,261724,163333,98391,32604,431279,958,11188,83,10,2,13160,62900,346,3342,132139,15269,72024,46062,29517,304979,109818,61334
6,JAMMU AND KASHMIR,Rajouri,642415,345351,297064,364109,224469,139640,221880,402879,983,15513,189,26,3,23946,96012,673,6219,196070,17508,91859,65921,35804,404903,153165,83319
7,JAMMU AND KASHMIR,Kathua,616435,326109,290326,389204,228499,160705,540063,64234,1828,9551,24,16,2,32772,109422,1443,6112,181374,33473,82715,91522,47694,357864,160123,97684
8,JAMMU AND KASHMIR,Baramula,1008039,534733,473306,545149,337170,207979,30621,959185,1497,14770,140,29,7,33022,138180,3698,10645,210543,48932,117000,107837,57932,636524,239659,130513
9,JAMMU AND KASHMIR,Bandipore,392232,207680,184552,185979,117058,68921,8439,382006,572,555,44,17,2,8868,45469,985,3155,80521,17555,47240,35630,18644,252378,90465,48802
10,JAMMU AND KASHMIR,Srinagar,1236829,651124,585705,748584,431746,316838,42540,1177342,2746,12187,285,74,2,138119,165403,16413,33831,4518,257721,173309,176409,132727,693238,351561,190330
11,JAMMU AND KASHMIR,Ganderbal,297446,158720,138726,143276,90581,52695,5592,290581,406,486,25,8,4,10410,38487,878,2779,63788,13558,38735,28247,15005,194165,66945,35911
12,JAMMU AND KASHMIR,Pulwama,560440,293064,267376,293958,178326,115632,13840,535159,1109,9440,35,6,18,16828,73629,1537,5293,147520,21703,54808,67368,40931,342601,137032,80111
13,JAMMU AND KASHMIR,Shupiyan,266215,136480,129735,136500,80355,56145,3116,262263,429,178,6,1,6,3727,35282,884,3440,75616,5272,29593,28617,16501,170086,60752,35158
14,JAMMU AND KASHMIR,Anantnag,1078692,559767,518925,545532,324417,221115,13180,1057005,1449,6140,55,7,7,28984,114899,2712,8612,207067,70666,99059,97121,52407,704145,239988,133519
15,JAMMU AND KASHMIR,Kulgam,424483,217620,206863,209085,125052,84033,4267,418076,460,1035,27,25,9,4301,47913,838,3542,95952,25178,47268,45383,24214,266858,99870,57253
16,JAMMU AND KASHMIR,Doda,409936,213641,196295,219083,138620,80463,187621,220614,472,422,21,22,42,7963,61831,596,3077,122267,11350,47350,48359,31416,263576,93189,52744
17,JAMMU AND KASHMIR,Ramban,283713,149132,134581,124065,82938,41127,81026,200516,414,753,43,3,252,3982,34243,417,2644,84281,5341,35284,22591,13331,188526,61604,33220
18,JAMMU AND KASHMIR,Kishtwar,230696,120165,110531,107506,68700,38806,93931,133225,277,450,2094,3,514,4118,24067,274,1651,72378,5993,25675,19550,14521,145931,53415,31084
19,JAMMU AND KASHMIR,Udhampur,554985,296784,258201,322354,197543,124811,489044,59771,1962,3418,106,57,235,20008,73999,1214,5744,148664,34696,80129,55024,29657,339145,140785,74757
20,JAMMU AND KASHMIR,Reasi,314667,166461,148206,150542,93937,56605,153898,156275,1208,3107,15,7,3,6552,31588,602,2849,95572,12261,40215,24066,14064,203967,70767,39743
21,JAMMU AND KASHMIR,Jammu,1529958,813821,716137,1137135,641916,495219,1289240,107489,12104,114272,470,1987,321,197168,294739,19905,46657,254566,248043,185962,261852,159257,816827,435895,275585
22,JAMMU AND KASHMIR,Samba,318898,169124,149774,228139,130312,97827,275311,22950,2306,17961,48,16,6,34063,61159,992,4465,94247,19989,41233,61407,30503,177277,88246,53022
23,HIMACHAL PRADESH,Chamba,519080,261320,257760,323842,186064,137778,479782,32455,1559,2745,1740,57,14,21458,96082,1615,5117,186395,13836,96789,64515,40440,306555,130606,81566
24,HIMACHAL PRADESH,Kangra,1510075,750591,759484,1152640,606443,546197,1461140,19797,3023,8929,14511,194,208,148361,330081,8053,22753,588321,39007,243617,284124,192936,766581,419172,319420
25,HIMACHAL PRADESH,Lahul AND Spiti,31564,16588,14976,21845,12897,8948,11649,74,212,35,19572,3,1,2046,5618,61,252,17434,0,5042,3934,3557,15928,9181,6200
26,HIMACHAL PRADESH,Kullu,437903,225452,212451,307672,174550,133122,415669,2974,1568,1396,15377,94,83,40064,91322,2623,7010,167995,20709,77363,58122,39081,244727,120510,72282
27,HIMACHAL PRADESH,Mandi,999777,498065,501712,723747,393669,330078,981412,9460,876,4081,2628,43,86,59324,214491,5333,16401,431129,31696,159043,180188,128549,524285,279321,194661
28,HIMACHAL PRADESH,Hamirpur,454768,217070,237698,358091,180555,177536,449412,3711,243,591,95,293,9,34978,104120,2521,7525,196116,15232,71107,91184,64363,224044,123941,106641
29,HIMACHAL PRADESH,Una,521173,263692,257481,399715,213281,186434,480138,14275,390,26009,56,70,10,43809,105929,2412,8238,185091,20126,87913,105204,60626,273223,142351,105358
30,HIMACHAL PRADESH,Bilaspur,381956,192764,189192,287620,155599,132021,371973,6984,236,2387,113,10,7,17262,79146,1574,6281,152458,11987,59489,64730,45695,193671,107367,80497
31,HIMACHAL PRADESH,Solan,580320,308754,271566,428578,244372,184206,548579,14678,1452,13926,574,591,110,53722,119866,5250,14478,192787,51509,89407,95232,59363,321533,167168,90808
32,HIMACHAL PRADESH,Sirmaur,529855,276289,253566,362645,205617,157028,476830,33215,577,15501,2645,236,86,28904,91509,2220,8593,171102,21054,100123,67080,38282,310244,136839,82471
33,HIMACHAL PRADESH,Shimla,814010,425039,388971,612642,342846,269796,791449,11810,2025,4047,3262,185,197,108888,172754,9177,24127,279269,95896,113536,141490,95341,425721,241956,145577
34,HIMACHAL PRADESH,Kinnaur,84121,46249,37872,60699,36697,24002,64732,448,485,249,18086,29,45,10740,17865,354,2563,44514,0,13749,11140,7871,42360,26599,15075
35,PUNJAB,Gurdaspur,2298323,1212617,1085706,1634719,907660,727059,1074332,27667,176587,1002874,405,580,812,244468,411216,14428,38445,420860,185488,315156,372317,243539,1261421,611353,423301
36,PUNJAB,Kapurthala,815168,426311,388857,576567,316254,260313,336124,10190,5445,453692,6662,553,334,110555,161206,9732,23145,165433,95770,127031,128828,77442,433331,222324,157833
37,PUNJAB,Jalandhar,2193590,1145211,1048379,1622537,882581,739956,1394329,30233,26016,718363,11385,4011,805,299449,446200,39082,79134,330339,377791,333736,339758,216646,1159156,616431,416449
38,PUNJAB,Hoshiarpur,1586625,809057,777568,1199699,637927,561772,1000743,23089,14968,538208,3476,2034,531,201675,319930,13747,34328,422673,128592,256127,301435,176013,831741,422782,330671
39,PUNJAB,Shahid Bhagat Singh Nagar,612310,313291,299019,438459,239155,199304,401368,6829,1479,192885,5885,695,266,64934,125068,5264,13936,183168,48383,111242,101970,61643,318597,163305,128310
40,PUNJAB,Fatehgarh Sahib,600163,320795,279368,426033,238696,187337,152851,16808,1698,427521,48,178,251,64037,113683,5138,14294,117559,57337,102257,95073,59555,321018,166781,111028
41,PUNJAB,Ludhiana,3498739,1867816,1630923,2560225,1428348,1131877,1502403,77713,16517,1863408,2007,19620,1254,488757,703624,58589,123400,395032,641789,488129,527568,318876,1901528,980046,614258
42,PUNJAB,Moga,995746,525920,469826,627889,348549,279340,158414,9388,3277,818921,178,436,365,89445,183396,7897,21662,214295,74144,158812,128693,85642,535408,258826,194768
43,PUNJAB,Firozpur,2029074,1071637,957437,1227511,707070,520441,906408,6844,19358,1090815,454,1143,278,141899,349662,10042,31070,348522,153868,306838,221806,147698,1171770,525459,331259
44,PUNJAB,Muktsar,901896,475622,426274,524848,300401,224447,254920,4333,1681,638625,240,744,433,76441,166585,4571,14077,149507,74650,137470,104682,62612,495167,242628,162297
45,PUNJAB,Faridkot,617508,326671,290837,381285,215767,165518,141363,3125,1227,469789,155,1109,103,62103,113549,4348,12276,99946,58917,89433,75419,48360,336540,164962,113721
46,PUNJAB,Bathinda,1388525,743197,645328,844868,488261,356607,380569,16299,2474,984286,246,1266,559,118427,255650,11284,32253,218159,137563,182796,163928,96329,754927,377707,255283
47,PUNJAB,Mansa,769751,408732,361019,423560,244037,179523,156539,10375,917,598443,123,1577,493,39414,140099,2673,10085,145603,50786,106162,85953,48663,420050,200882,146103
48,PUNJAB,Patiala,1895686,1002522,893164,1266791,711052,555739,783306,40043,5683,1059944,245,1914,1410,209192,352929,24274,55105,299279,218090,283837,256826,157435,1042519,517079,335100
49,PUNJAB,Amritsar,2490656,1318408,1172248,1684770,932981,751789,690939,12502,54344,1716935,876,3152,1044,279993,461231,29961,63864,275477,385476,313874,328229,203656,1384987,667193,436496
50,PUNJAB,Tarn Taran,1119627,589369,530258,666162,376427,289735,60504,3855,6095,1044903,101,650,47,73958,186599,4300,13102,222717,44457,165659,147856,83290,641875,283645,190898
51,PUNJAB,Rupnagar,684627,357485,327142,502731,278534,224197,304481,14492,2094,361045,118,653,143,67749,129123,6600,17542,148162,60537,107715,116836,68794,365300,185424,131707
52,PUNJAB,Sahibzada Ajit Singh Nagar,994628,529253,465375,736575,409944,326631,476276,29488,5342,478908,257,1257,239,131701,191578,25944,50857,117293,174042,131983,147214,96568,540872,281462,171656
53,PUNJAB,Sangrur,1655169,878029,777140,1002077,570413,431664,389410,179116,2406,1077438,268,3222,1038,135280,305557,10736,30955,292156,156788,250833,220210,130155,904316,435148,311621
54,PUNJAB,Barnala,595527,317522,278005,359831,201999,157832,112859,13100,622,467751,108,246,481,50276,108908,3501,10566,102577,54222,90971,81545,43467,322607,158413,114077
55,CHANDIGARH,Chandigarh,1055450,580663,474787,805438,465346,340092,852574,51447,8720,138329,1160,1960,246,168344,231204,44283,78113,8911,289456,118667,124707,98786,602411,303748,148945
56,UTTARAKHAND,Uttarkashi,330086,168597,161489,215126,128237,86889,324859,3554,353,167,563,74,105,21374,52621,602,4104,112148,9061,46625,30901,24989,202426,75997,51245
57,UTTARAKHAND,Chamoli,391605,193991,197614,280556,155395,125161,385818,4395,428,323,190,11,23,27853,71524,899,5582,163434,22906,68435,47703,32557,229715,93182,67873
58,UTTARAKHAND,Rudraprayag,242285,114589,127696,170933,91803,79130,240170,1486,171,38,9,4,44,19859,49182,418,3082,112705,4454,50288,28916,21131,141848,54979,44986
59,UTTARAKHAND,Tehri Garhwal,618931,297986,320945,407994,227406,180588,609835,7374,656,290,32,91,109,50929,117239,1366,7831,227059,27177,103462,74008,58434,368324,139371,109998
60,UTTARAKHAND,Dehradun,1696694,892199,804495,1259506,702216,557290,1424916,202057,13416,36454,11778,5117,217,233705,310726,25862,71199,228245,269393,236027,206730,187700,968517,446046,276280
61,UTTARAKHAND,Garhwal,687271,326829,360442,494889,262148,232741,660507,22931,2161,619,58,212,51,70551,143963,2633,12670,279682,36780,107794,95590,74219,380765,160183,145445
62,UTTARAKHAND,Pithoragarh,483439,239306,244133,345550,189623,155927,475105,6015,1401,260,185,13,30,45365,95421,1344,7932,183687,26256,87585,56591,42086,273494,116749,92517
63,UTTARAKHAND,Bageshwar,259898,124326,135572,179483,97546,81937,257509,1440,397,46,102,7,16,13352,47083,435,3595,96031,3880,47788,31224,20785,147488,60569,51672
64,UTTARAKHAND,Almora,622506,291081,331425,436497,231604,204893,611250,7752,1895,256,201,31,6,40199,109876,1830,9858,260056,21082,120029,76148,53026,351595,141238,128994
65,UTTARAKHAND,Champawat,259648,131125,128523,177726,102015,75711,249563,8693,870,336,24,28,6,18785,37725,548,3159,85202,12839,48093,23610,18360,156916,60722,41913
66,UTTARAKHAND,Nainital,954605,493666,460939,696500,385779,310721,809717,120742,5091,17419,570,356,181,99021,169001,7265,26270,193086,105577,155681,115317,98851,562548,243095,147053
67,UTTARAKHAND,Udham Singh Nagar,1648902,858783,790119,1037839,598525,439314,1104452,372267,6064,162768,505,738,159,116576,254802,7883,28053,269406,145253,302653,169274,113661,1042614,392370,212223
68,UTTARAKHAND,Hardwar,1890422,1005295,885127,1178354,691411,486943,1214935,648119,4878,17364,709,2501,46,125717,279012,11947,35023,301828,186183,336790,165003,114114,1207120,435385,246229
69,HARYANA,Panchkula,561293,299679,261614,405318,229862,175456,490702,23451,2583,40951,1008,1626,90,69687,103455,18615,32174,70895,93656,73584,69163,48306,309078,157076,93606
70,HARYANA,Ambala,1128350,598703,529647,818025,461288,356737,955096,22143,3705,138202,381,4845,110,121622,199681,12899,32767,175365,139891,170110,163544,97980,617859,308126,201685
71,HARYANA,Yamunanagar,1214205,646718,567487,832457,474793,357664,984929,138569,3646,84455,161,1555,126,109080,217503,8079,25129,214464,143259,194654,159311,99170,694813,317708,201386
72,HARYANA,Kurukshetra,964655,510976,453679,646893,370828,276065,805175,15970,1943,140395,214,375,106,90150,171908,7356,21951,203553,88268,145392,120790,81964,552034,250830,160216
73,HARYANA,Kaithal,1074304,571003,503301,646529,385782,260747,974520,8232,1769,87558,265,351,70,62668,187349,3724,15301,231091,75696,158239,117753,82297,630194,265813,176320
74,HARYANA,Karnal,1505324,797712,707612,978013,564516,413497,1341002,31650,2049,126207,532,1516,49,143133,267223,11163,29253,292682,135920,231354,183590,124790,884972,380409,234684
75,HARYANA,Panipat,1205437,646857,558580,786599,464136,322463,1083936,86622,2261,25064,289,4647,99,121846,209965,10024,26719,173502,153804,170565,141473,91756,739075,298764,167244
76,HARYANA,Sonipat,1450001,781299,668702,998316,589881,408435,1390149,45100,1405,4484,336,6033,29,126009,253054,9029,30697,283858,133576,200458,224639,150760,855201,360216,233318
77,HARYANA,Jind,1334152,713006,621146,832758,502049,330709,1276669,23016,889,29103,172,2594,56,78386,222462,5263,23750,278335,89665,185626,154773,107994,784085,335704,213478
78,HARYANA,Fatehabad,942011,495360,446651,557578,327471,230107,779243,8360,996,150969,171,1172,530,51693,153301,3210,13142,203020,55360,136663,93526,61476,555745,237009,147469
79,HARYANA,Sirsa,1295189,682582,612607,782897,456968,325929,940255,9524,2186,338962,370,2256,624,70538,215527,6287,22706,245476,93316,201349,134559,83373,750228,334344,208185
80,HARYANA,Hisar,1743931,931562,812369,1114311,670200,444111,1701061,21650,1945,12270,334,3620,33,110495,285004,10132,33400,302013,154113,230074,202792,144626,1017830,456536,265109
81,HARYANA,Bhiwani,1634445,866672,767773,1069871,643158,426713,1611031,15515,873,2401,254,1016,26,88938,266244,5292,25236,357047,99235,223049,218631,148995,964960,405760,261428
82,HARYANA,Rohtak,1061204,568479,492725,747582,436025,311557,1043887,8185,732,3916,200,3491,24,94633,193120,8482,27225,175203,131739,150903,168499,109596,605741,269354,185685
83,HARYANA,Jhajjar,958405,514667,443738,676091,399480,276611,945693,8247,734,1042,105,645,22,70149,168558,5034,19241,211816,78328,109829,145258,97457,549975,245095,162356
84,HARYANA,Mahendragarh,922088,486665,435423,630255,380440,249815,913251,5660,301,1737,75,644,15,45359,135455,2624,13908,223726,44216,135849,132765,94245,530000,229392,161258
85,HARYANA,Rewari,900332,474335,425997,636947,375453,261494,889133,5713,701,1804,202,1525,12,62667,152651,5121,18092,199449,69305,120860,139646,95807,518747,230704,150557
86,HARYANA,Gurgaon,1514432,816690,697742,1111116,638666,472450,1408801,70842,9725,15097,944,7451,254,238359,305751,67087,102343,141703,381988,177453,219200,150120,875531,428101,210307
87,HARYANA,Mewat,1089263,571162,518101,454897,308435,146462,221846,862647,1235,592,516,1453,4,15593,96309,935,10499,187398,36237,135842,41836,22265,790930,186916,110688
88,HARYANA,Faridabad,1809733,966110,843623,1272739,734940,537799,1588407,161680,9743,34572,640,4883,249,258422,333171,43437,82673,87700,382981,220384,282666,178846,1095602,481318,231029
89,HARYANA,Palwal,1042708,554497,488211,599796,379696,220100,826342,208566,932,3971,345,915,20,46498,132606,4283,16736,186069,63090,142156,102626,65963,684189,224043,133913
90,NCT OF DELHI,North West,3656539,1960922,1695617,2707855,1541952,1165903,3211042,291330,14100,92129,2281,43460,345,625662,720900,114044,188876,67592,959275,571255,613393,519808,2138591,1013424,503055
91,NCT OF DELHI,North,887978,475002,412976,681517,381615,299902,726443,119792,7256,19066,1824,13049,81,161067,174310,21418,40543,4512,296559,133915,126121,97744,506601,256501,124513
92,NCT OF DELHI,North East,2241624,1188425,1053199,1611588,912481,699107,1529337,657585,9123,17424,2388,24673,48,356769,391951,30390,69417,5326,482255,500493,341540,212438,1393078,581016,264663
93,NCT OF DELHI,East,1709346,907500,801846,1352998,748382,604616,1410852,178807,15792,53027,2643,46927,366,327253,352758,80037,127465,1086,461132,219061,267825,235187,948963,497157,262124
94,NCT OF DELHI,New Delhi,142004,77942,64062,114179,65678,48501,124482,8480,4852,2933,312,679,66,26681,30023,7366,11948,0,52664,11728,15942,17742,76076,43913,21773
95,NCT OF DELHI,Central,582320,307821,274499,442360,240518,201842,364148,194278,3527,13038,362,5886,107,101826,113399,19724,30627,0,194897,80924,83244,62124,317650,169533,94448
96,NCT OF DELHI,West,2543243,1356240,1187003,1961179,1093933,867246,2087294,149807,18337,271752,1993,11322,273,475985,520282,109666,171002,1809,699703,318376,369114,327114,1399165,732515,408953
97,NCT OF DELHI,South West,2292958,1246046,1046912,1787689,1025261,762428,2102743,112691,31226,31692,2784,9215,266,423855,457784,94853,156635,41179,606503,255177,335645,308513,1296955,683209,308675
98,NCT OF DELHI,South,2731929,1467428,1264501,2078402,1185036,893366,2155759,445914,41880,69520,3862,11020,645,504898,549402,111453,176435,2918,728145,368772,430091,354078,1588001,785085,355602
99,RAJASTHAN,Ganganagar,1969168,1043340,925828,1193343,710908,482435,1437144,50688,2077,474853,938,1988,164,88543,283142,6295,24901,397697,164897,314107,163098,105734,1167889,502211,283484
100,RAJASTHAN,Hanumangarh,1774692,931184,843508,1034136,624281,409855,1433067,118673,1542,216997,241,1935,138,55515,243163,3360,16217,389059,108694,273441,153628,104087,1058044,453114,242361
101,RAJASTHAN,Bikaner,2363937,1240801,1123136,1278801,782399,496402,2073356,235741,1901,20072,285,30850,79,108812,220793,7607,29531,335754,196179,333211,143669,80296,1543867,517271,288165
102,RAJASTHAN,Churu,2039547,1051446,988101,1149269,696729,452540,1777879,249736,958,402,188,7104,127,74197,231696,2577,15259,344897,148996,302022,161520,100677,1293193,458725,272176
103,RAJASTHAN,Jhunjhunun,2137045,1095896,1041149,1370360,815834,554526,1905682,228178,1004,275,56,548,85,131987,297559,4828,24178,500452,150357,305626,256621,192240,1298780,494124,330126
104,RAJASTHAN,Alwar,3674179,1939026,1735153,2182476,1359829,822647,3039279,547335,2696,64532,4384,13221,348,123478,485723,9750,45770,782294,212967,492981,324050,230415,2346721,836000,490137
105,RAJASTHAN,Bharatpur,2548462,1355726,1192736,1480869,943910,536959,2143046,371286,1576,23456,899,5758,18,61113,288723,4179,26106,479437,129697,330336,211938,147520,1659515,546362,329127
106,RAJASTHAN,Dhaulpur,1206516,653647,552869,683098,435721,247377,1127520,72258,688,1356,92,2739,21,24561,96086,1330,9504,214670,58626,172914,77360,45590,815651,248416,141365
107,RAJASTHAN,Karauli,1458248,783639,674609,805849,531904,273945,1370977,81553,602,297,70,3424,413,28296,132079,1059,13045,305047,59308,193938,104208,69443,947173,310688,192042
108,RAJASTHAN,Sawai Madhopur,1335551,704031,631520,741748,486184,255564,1165505,155681,945,812,177,9991,42,40116,140947,1887,14310,282057,71264,172925,87349,57625,841697,309237,183234
109,RAJASTHAN,Dausa,1634409,857787,776622,938051,596935,341116,1582335,45488,439,296,94,3737,115,35600,195277,1719,14539,361084,59610,235474,135234,92559,1047136,358718,210117
110,RAJASTHAN,Jaipur,6626178,3468507,3157671,4300965,2554793,1746172,5819980,687452,12708,18782,1020,81079,257,570997,990085,76565,182350,754841,977838,875940,659389,455527,4091148,1646480,884057
111,RAJASTHAN,Sikar,2677333,1374990,1302343,1652117,995275,656842,2342076,327583,1122,356,177,4050,15,131342,339457,5647,28382,527560,178274,438872,282595,200430,1672813,605002,381226
112,RAJASTHAN,Nagaur,3307743,1696325,1611418,1758624,1102750,655874,2833443,454487,1912,366,163,12940,276,97267,347344,4449,35328,675712,166489,486057,242053,147701,2088323,754143,463469
113,RAJASTHAN,Jodhpur,3687165,1923928,1763237,2031532,1265753,765779,3224399,411558,6035,4123,514,36697,80,197135,408808,19335,54808,584215,307442,512035,259304,154789,2359786,836322,489280
114,RAJASTHAN,Jaisalmer,669919,361708,308211,308653,210415,98238,497045,168129,874,1723,98,1521,34,12431,43141,754,7416,159117,30830,71132,20142,12759,448969,140294,79977
115,RAJASTHAN,Barmer,2603751,1369022,1234729,1188322,783461,404861,2244882,321192,1157,450,157,34010,34,39580,126494,2766,37730,542825,55980,352636,101291,52272,1731122,527629,326476
116,RAJASTHAN,Jalor,1828730,936634,892096,829582,543923,285659,1732852,78990,730,231,144,14640,82,39745,161845,1585,12794,419216,48202,277152,75304,32366,1176496,390598,249379
117,RAJASTHAN,Sirohi,1036346,534231,502115,476806,309900,166906,996562,30479,1284,572,114,6829,56,47182,134089,2146,10297,238535,69639,147381,58213,30724,649290,244401,142251
118,RAJASTHAN,Pali,2037573,1025422,1012151,1085693,667381,418312,1870543,143476,1345,1540,141,18974,52,94821,326793,4043,19270,512909,139808,359329,144581,71472,1207983,467436,343384
119,RAJASTHAN,Ajmer,2583052,1324085,1258967,1526673,926268,600405,2201663,314159,10605,6799,417,45614,184,171799,393498,13499,41732,409335,274919,394576,200191,130608,1561077,629951,388040
120,RAJASTHAN,Tonk,1421326,728136,693190,749659,478329,271330,1243527,153146,754,378,122,22458,30,32359,158264,1908,12482,298911,81755,190750,91853,64431,880194,334006,205593
121,RAJASTHAN,Bundi,1110906,577160,533746,585044,371705,213339,1017688,66609,682,11059,144,13455,24,33406,136969,1392,7705,239836,63452,159218,63248,41227,686771,267648,155958
122,RAJASTHAN,Bhilwara,2408523,1220736,1187787,1256126,777582,478544,2224839,142427,1978,1468,183,35149,60,93768,373644,6207,24014,530015,145865,338296,141250,92785,1439454,589476,365023
123,RAJASTHAN,Rajsamand,1156597,581339,575258,619139,383334,235805,1105676,33677,759,260,100,14966,68,36073,193276,1989,9222,304622,61054,190388,72969,41063,687165,275099,193668
124,RAJASTHAN,Dungarpur,1388552,696532,692020,681591,415820,265771,1340065,28662,830,240,226,16141,853,26351,141275,1477,11742,322816,31547,175059,60656,42887,868458,317700,191917
125,RAJASTHAN,Banswara,1797485,907754,889731,829343,513854,315489,1701234,48834,22250,427,138,22613,109,34189,120603,2324,15062,390437,39407,190259,75011,50438,1153029,406214,216554
126,RAJASTHAN,Chittaurgarh,1544338,783171,761167,821825,514851,306974,1413163,97855,1274,1515,252,25843,136,59190,268172,4941,16560,366780,88873,225700,90889,58129,880043,398303,258997
127,RAJASTHAN,Kota,1951014,1021161,929853,1298345,765396,532949,1661307,243993,5665,11058,280,25742,286,165563,339899,12843,36297,203454,311735,294591,172538,118710,1177474,495896,275396
128,RAJASTHAN,Baran,1222755,633945,588810,693307,432607,260700,1133349,79984,1432,3066,84,2795,48,32685,161310,1363,9491,249184,69804,194024,76209,46847,762204,286344,173100
129,RAJASTHAN,Jhalawar,1411129,725143,685986,739792,466815,272977,1299751,96164,842,819,46,12488,42,38909,220428,1750,9403,298624,63763,203488,73388,46267,850546,346110,213674
130,RAJASTHAN,Udaipur,3068420,1566801,1501619,1582629,973444,609185,2869976,104307,7406,4278,209,78647,373,128320,357846,14211,48517,665449,182769,386075,164290,102085,1876436,739287,451034
131,RAJASTHAN,Pratapgarh,867848,437744,430104,401515,250122,151393,827293,25597,358,72,32,14077,27,17984,71612,716,5961,209813,24269,111276,35206,21854,545987,204801,115608
132,UTTAR PRADESH,Saharanpur,3466382,1834106,1632276,2077108,1220114,856994,1966892,1454052,6523,18627,1937,10208,135,149035,404499,9699,38816,605082,284156,600668,256510,163463,2228689,769736,433862
133,UTTAR PRADESH,Muzaffarnagar,4143512,2193434,1950078,2417339,1448528,968811,2382914,1711453,6495,18601,1516,16345,60,147785,368153,10077,56149,673746,296104,780470,281747,148770,2671757,911621,544283
134,UTTAR PRADESH,Bijnor,3682713,1921215,1761498,2135393,1241471,893922,2032081,1585210,6184,50624,1736,2134,41,128042,268353,7303,37341,683875,224648,827447,255028,159528,2404576,786305,450186
135,UTTAR PRADESH,Moradabad,4772006,2503186,2268820,2263848,1357435,906413,2488265,2248392,13157,7555,1260,2426,382,179473,281758,11690,61846,692398,355518,725118,296210,186311,3168270,988486,525574
136,UTTAR PRADESH,Rampur,2335819,1223889,1111930,1043666,630408,413258,1073890,1181337,9201,65316,384,1307,63,62281,131112,3847,25960,396775,143217,374898,85117,51703,1576123,491164,258913
137,UTTAR PRADESH,Jyotiba Phule Nagar,1840221,963449,876772,983110,600541,382569,1075440,750368,5952,5295,189,517,21,55064,89329,2825,18303,335888,115486,352835,161282,164763,1227283,391275,215849
138,UTTAR PRADESH,Meerut,3443689,1825743,1617946,2141488,1254520,886968,2183255,1185643,10582,24912,1855,18544,236,236071,425624,23717,69473,381520,422303,495861,359944,254337,2165117,780475,451827
139,UTTAR PRADESH,Baghpat,1303048,700070,602978,797970,489858,308112,917474,364583,1840,483,161,16139,25,44732,119121,2989,19999,246055,69991,272939,132197,79475,817140,283276,194548
140,UTTAR PRADESH,Ghaziabad,4681645,2488834,2192811,3123264,1811397,1311867,3414427,1186776,19026,23001,3487,16412,265,501592,695130,78116,179552,355407,836316,858286,597661,475439,2891069,1139871,559963
141,UTTAR PRADESH,Gautam Buddha Nagar,1648115,890214,757901,1122947,666065,456882,1394025,215500,7366,9261,895,4518,91,193902,257586,53181,87188,170835,338935,330623,218587,194796,1015648,402967,188862
142,UTTAR PRADESH,Bulandshahr,3499171,1845260,1653911,2031656,1253314,778342,2707195,777407,4088,2765,669,1572,86,124641,223922,7865,38225,658449,221628,540754,338138,217882,2246254,753949,472808
143,UTTAR PRADESH,Aligarh,3673889,1951996,1721893,2092567,1283380,809187,2904140,729283,7635,5875,2582,2805,91,153283,268120,13634,58336,582117,275942,491605,334738,216997,2378289,787408,472667
144,UTTAR PRADESH,Mahamaya Nagar,1564708,836127,728581,942572,579157,363415,1397225,159448,1350,524,424,1289,63,48911,134579,3087,18621,288150,84883,297282,166861,89435,1011157,339137,210083
145,UTTAR PRADESH,Mathura,2547184,1367125,1180059,1507746,943346,564400,2310776,216933,3179,2872,883,2056,126,107867,281239,8726,37596,407488,177802,420976,233264,155937,1600686,535738,327854
146,UTTAR PRADESH,Agra,4418797,2364953,2053844,2680510,1614594,1065916,3922718,411313,10076,12057,4049,21508,384,251013,536402,27183,82012,496971,406852,904836,450571,317618,2871903,991255,547873
147,UTTAR PRADESH,Firozabad,2498156,1332046,1166110,1521806,912314,609492,2140745,314812,3370,1804,3395,19077,61,100919,196080,5834,31797,349747,185621,416295,277163,166249,1621154,543730,312689
148,UTTAR PRADESH,Mainpuri,1868529,993377,875152,1203885,712110,491775,1746649,100723,1729,475,8814,4161,38,43074,79022,2642,24451,338475,72783,353287,230731,144516,1193660,402321,265638
149,UTTAR PRADESH,Budaun,3681896,1967759,1714137,1547477,986501,560976,2867707,790515,6320,1135,1959,678,87,62863,110177,3634,30423,710956,156668,585283,154425,86760,2436051,748408,424194
150,UTTAR PRADESH,Bareilly,4448359,2357665,2090694,2191759,1342697,849062,2830768,1536534,14822,28187,4371,931,339,210687,272830,15164,56575,631613,362798,641251,272840,172554,2893965,952233,514141
151,UTTAR PRADESH,Pilibhit,2031007,1072002,959005,1061095,654290,406805,1449007,489686,3510,84787,360,138,45,47723,83006,2870,18097,371752,89638,281158,117838,77602,1320476,449673,256276
152,UTTAR PRADESH,Shahjahanpur,3006538,1606403,1400135,1490930,915142,575788,2412595,527581,4630,51090,2312,301,84,91958,115163,3889,27533,520289,134714,476064,158430,96308,1961237,652237,368743
153,UTTAR PRADESH,Kheri,4021243,2123187,1898056,2034044,1237157,796887,3078262,807600,7502,94388,18454,487,226,86948,122761,3402,29252,754938,107672,621684,223669,129627,2582597,896611,510832
154,UTTAR PRADESH,Sitapur,4483992,2375264,2108728,2283733,1397702,886031,3555450,893725,6579,11611,2663,1410,79,74072,102040,3874,34609,827583,111319,656401,221898,136383,2862383,1000987,588318
155,UTTAR PRADESH,Hardoi,4092845,2191442,1901403,2221601,1374587,847014,3508131,556219,5822,5688,6671,446,98,60689,95508,3845,32065,786613,121064,906861,247265,138583,2598364,905306,559988
156,UTTAR PRADESH,Unnao,3108367,1630087,1478280,1773584,1053063,720521,2732016,363453,3574,1204,920,240,31,70484,99466,3476,28719,596317,121039,512965,240024,136688,1893706,706851,453462
157,UTTAR PRADESH,Lucknow,4589838,2394476,2195362,3127260,1742440,1384820,3537787,985070,20493,23883,3877,4975,504,469747,582769,68506,152257,344155,717566,554301,428121,378742,2678289,1161686,685258
158,UTTAR PRADESH,Rae Bareli,3405559,1752542,1653017,1965843,1165965,799878,2975998,413243,3634,2424,722,397,602,65080,247856,5184,34788,705025,73393,538301,270775,182823,2116007,776583,506583
159,UTTAR PRADESH,Farrukhabad,1885204,1006240,878964,1092677,654827,437850,1596278,276846,3137,3160,3161,487,100,59209,88081,2624,18733,316647,94843,330084,184298,115069,1224584,411153,246795
160,UTTAR PRADESH,Kannauj,1656616,881776,774840,1017087,603596,413491,1375788,273967,1263,504,2033,606,65,32510,61491,2488,18082,299785,65985,283674,175582,107628,1069916,361028,223535
161,UTTAR PRADESH,Etawah,1581810,845856,735954,1062003,623583,438420,1457892,113961,1362,1045,1733,3917,94,47520,113098,2964,21506,265643,85483,292852,195192,121283,979633,362026,237786
162,UTTAR PRADESH,Auraiya,1379545,740040,639505,930836,546198,384638,1273546,101963,1004,371,332,228,444,32687,65479,2404,14279,255836,58438,291837,168866,101542,856336,320763,202054
163,UTTAR PRADESH,Kanpur Dehat,1796184,963255,832929,1170243,692964,477279,1612968,176327,1300,478,819,155,103,23831,49753,2682,25354,363933,41323,344866,223529,157167,1100820,415918,276272
164,UTTAR PRADESH,Kanpur Nagar,4581268,2459806,2121462,3243022,1829179,1413843,3792174,720660,15751,29676,2733,5710,589,421694,517271,33966,93296,364869,684906,766906,651228,515772,2630411,1209554,731795
165,UTTAR PRADESH,Jalaun,1689974,906092,783882,1075196,653430,421766,1509708,171581,1148,463,2875,256,145,42616,104176,2217,18615,304856,91565,327534,167911,104699,1002817,410090,274954
166,UTTAR PRADESH,Jhansi,1998603,1057436,941167,1304513,783705,520808,1823930,147842,7050,4951,1203,7328,311,94342,183340,8517,40774,309592,195321,370685,186348,99814,1171301,510728,308331
167,UTTAR PRADESH,Lalitpur,1221592,641011,580581,641191,397586,243605,1163804,33724,1351,1034,69,20390,41,20720,77082,1079,9906,258013,43819,202692,61543,32237,793551,265080,159666
168,UTTAR PRADESH,Hamirpur,1104285,593537,510748,653299,408125,245174,1010014,91269,814,196,74,41,273,20175,55929,1196,11037,256081,55300,238344,103334,59914,660774,260368,181109
169,UTTAR PRADESH,Mahoba,875958,466358,409600,488106,302283,185823,815142,57454,965,389,94,234,157,12874,42936,1316,11298,198298,48525,141201,60400,33810,527067,201394,137393
170,UTTAR PRADESH,Banda,1799410,965876,833534,1002937,630626,372311,1637549,157612,1367,231,168,916,50,26907,73522,1655,18612,378056,67569,415195,114783,61702,1120432,408527,265310
171,UTTAR PRADESH,Chitrakoot,991730,527721,464009,531072,330339,200733,955372,34559,693,63,101,285,27,11637,41046,827,9437,207237,23558,174106,69641,40266,638046,214228,136669
172,UTTAR PRADESH,Fatehpur,2632733,1384722,1248011,1512166,911003,601163,2274674,350700,2201,402,172,199,47,43492,75263,3385,33501,558807,77733,463642,227119,134445,1624830,603831,395547
173,UTTAR PRADESH,Pratapgarh,3209141,1606085,1603056,1931559,1121381,810178,2731351,452394,3920,1451,7795,746,43,46358,140538,5149,34400,711085,41701,558350,332742,238011,2002569,703727,492097
174,UTTAR PRADESH,Kaushambi,1599596,838485,761111,813424,507279,306145,1372381,220423,2225,522,687,545,3,22034,43753,1503,15029,349856,30764,253910,146757,89011,1034099,336401,210556
175,UTTAR PRADESH,Allahabad,5954391,3131807,2822584,3665727,2199340,1466387,5102041,796756,13782,4377,4391,2247,305,204357,391542,24122,85491,983266,265304,934881,596615,502826,3764404,1335224,818137
176,UTTAR PRADESH,Bara Banki,3260699,1707073,1553626,1692458,1010518,681940,2505444,737106,4857,2090,1553,3016,211,60554,108116,3159,26293,635840,79068,420824,197780,132332,2043335,709494,445269
177,UTTAR PRADESH,Faizabad,2470996,1259628,1211368,1450901,838339,612562,2094271,365806,3225,1912,737,358,185,58328,127754,4746,28625,510378,79288,361114,231129,176303,1534832,543148,367332
178,UTTAR PRADESH,Ambedkar Nagar,2397888,1212410,1185478,1486939,846676,640263,1985654,401678,2536,869,1817,235,33,21512,99581,2509,27308,501559,65031,392873,247028,172872,1499494,515229,367234
179,UTTAR PRADESH,Sultanpur,3797117,1914586,1882531,2239902,1300248,939654,3119590,650261,4453,1629,9989,426,336,55055,233701,5956,44008,839737,49891,637015,306046,188848,2376875,828222,580164
180,UTTAR PRADESH,Bahraich,3487731,1843884,1643847,1398368,878285,520083,2291892,1169330,6400,8212,2793,1177,38,38940,85814,2681,35463,698520,61742,493760,104762,65106,2275746,754346,446242
181,UTTAR PRADESH,Shrawasti,1117361,593897,523464,423313,276700,146613,768643,343981,1427,407,323,68,56,4828,20419,624,10074,248770,8504,97160,29567,19744,723443,245098,143979
182,UTTAR PRADESH,Balrampur,2148665,1114721,1033944,868357,544943,323414,1333242,805975,3228,900,1866,198,87,16229,57400,1551,15510,410070,35768,227932,65516,40633,1415213,442339,283947
183,UTTAR PRADESH,Gonda,3433919,1787146,1646773,1679994,1034181,645813,2739076,678615,4735,1893,649,338,57,45517,104084,4313,31811,673578,52794,425584,192664,144067,2223078,734903,464584
184,UTTAR PRADESH,Siddharthnagar,2559297,1295095,1264202,1228926,740718,488208,1789704,748073,3042,681,11964,179,356,25883,93088,2434,24662,480165,33348,335977,110056,73465,1690396,504002,359977
185,UTTAR PRADESH,Basti,2464464,1255272,1209192,1393783,819719,574064,2082976,364510,3493,900,9753,107,99,37593,108101,3423,30244,513960,31065,349221,211477,162961,1574037,519265,363891
186,UTTAR PRADESH,Sant Kabir Nagar,1715183,869656,845527,954949,567098,387851,1300586,404410,1766,447,4393,95,35,17671,79525,2031,19729,324972,27179,290532,129442,86528,1108368,352395,250502
187,UTTAR PRADESH,Mahrajganj,2684703,1381754,1302949,1419144,881674,537470,2196884,458650,3527,1381,16030,243,338,23647,91844,2694,27339,573046,34033,388464,185236,129222,1694493,595114,370573
188,UTTAR PRADESH,Gorakhpur,4440895,2277777,2163118,2700328,1593890,1106438,4009037,403847,9662,2123,2848,460,207,149727,296619,14597,65360,761958,189170,618398,425913,316166,2755630,992114,659677
189,UTTAR PRADESH,Kushinagar,3564544,1818055,1746489,1954820,1183722,771098,2928462,620244,5006,767,4619,383,133,29304,127331,3486,35931,742324,42775,424892,249265,170911,2236842,772777,500373
190,UTTAR PRADESH,Deoria,3100946,1537436,1563510,1875239,1079288,795951,2730957,358539,3626,818,1182,209,146,60348,150001,4469,36068,597778,67928,473097,372031,277548,1946336,664708,481219
191,UTTAR PRADESH,Azamgarh,4613913,2285004,2328909,2771917,1559414,1212503,3878626,718692,3810,719,5652,183,226,49699,183381,6652,47324,891024,80434,1344726,489060,312571,2930243,965876,699954
192,UTTAR PRADESH,Mau,2205968,1114709,1091259,1363044,773082,589962,1769937,428555,2109,340,564,155,129,40087,149908,2656,26716,352207,99321,410737,256784,209493,1402738,467343,323260
193,UTTAR PRADESH,Ballia,3239774,1672902,1566872,1963590,1160960,802630,3004240,213440,4463,892,1595,233,64,62157,119972,4672,42969,564927,64454,515010,409484,323582,1975934,724362,502628
194,UTTAR PRADESH,Jaunpur,4494204,2220465,2273739,2731677,1565394,1166283,3981502,483750,4947,1286,7898,349,114,56508,181467,8002,52398,926088,80582,939616,520111,353996,2826453,927026,689979
195,UTTAR PRADESH,Ghazipur,3620268,1855075,1765193,2197549,1293553,903996,3233790,368153,4181,810,3145,213,184,36798,105767,5309,50180,700173,61467,691057,449909,334003,2234593,774130,556273
196,UTTAR PRADESH,Chandauli,1952756,1017905,934851,1174606,699454,475152,1727869,215081,2153,1389,340,100,1175,32433,99602,3492,20762,344937,50822,367768,196240,135962,1222695,437000,287767
197,UTTAR PRADESH,Varanasi,3676841,1921857,1754984,2403903,1389116,1014787,3107681,546987,7696,3309,1146,1898,298,202055,336056,19214,57583,438935,316129,608174,447926,351391,2260457,856070,531549
198,UTTAR PRADESH,Sant Ravidas Nagar (Bhadohi),1578213,807099,771114,910146,546782,363364,1368291,203887,1365,199,1562,161,7,23178,83220,2896,16198,293510,45997,291926,167524,120944,1032294,331743,209920
199,UTTAR PRADESH,Mirzapur,2496970,1312302,1184668,1428683,865837,562846,2292534,195765,2373,1133,341,701,27,43500,145997,4447,24518,465152,77963,421577,232189,177109,1590528,552177,346773
200,UTTAR PRADESH,Sonbhadra,1862559,971344,891215,985708,601988,383720,1738769,103567,3963,1649,1747,487,1907,40467,95582,5149,25220,337048,91040,297226,120822,82614,1203938,418914,237866
201,UTTAR PRADESH,Etah,1774480,947339,827141,1055202,647042,408160,1611126,146346,2464,708,2887,5671,18,37027,69591,2635,19712,334246,67752,214091,178434,119665,1149372,383707,237427
202,UTTAR PRADESH,Kanshiram Nagar,1436719,764165,672554,724850,452803,272047,1211427,213822,1969,2280,3907,313,72,26849,50405,1623,13109,271234,72490,193410,108558,61662,946320,301252,183434
203,BIHAR,Pashchim Champaran,3935042,2061110,1873932,1759481,1091226,668255,3047427,865090,8469,926,1337,296,1895,38414,57546,3495,41143,839514,96620,543965,159563,98732,2544205,888205,497793
204,BIHAR,Purba Champaran,5099371,2681209,2418162,2276957,1407603,869354,4086453,990349,4865,668,878,464,104,52358,74979,7719,70258,1142260,101565,982506,241118,121594,3316422,1122340,648009
205,BIHAR,Sheohar,656246,346673,309573,283698,171645,112053,552492,99342,522,216,73,52,44,3983,10004,478,6698,158484,7516,91277,25657,16031,421241,139909,93398
206,BIHAR,Sitamarhi,3423574,1803252,1620322,1436794,885188,551606,2672311,740101,2897,261,253,188,20,39465,66263,3460,42461,807294,49670,394422,136500,92783,2206340,739982,449035
207,BIHAR,Madhubani,4487379,2329313,2158066,2155338,1340085,815253,3652168,818912,3262,564,328,442,169,47090,113281,5319,65548,1047552,41234,771417,303114,170563,2860455,1009424,611899
208,BIHAR,Supaul,2229076,1155283,1073793,1033283,647672,385611,1809936,409251,3758,271,136,546,42,12111,51028,1845,25078,572287,27815,269737,99530,69665,1453438,495020,277610
209,BIHAR,Araria,2811569,1463333,1348236,1195768,727643,468125,1593525,1207442,4116,371,187,1910,63,17004,43290,2561,29796,659061,44213,426625,112955,68177,1872943,612012,324091
210,BIHAR,Kishanganj,1690400,866970,823430,745056,439921,305135,531236,1149095,5783,398,183,1476,28,11715,58718,1093,14073,401793,43357,235779,42778,25989,1139615,361114,188447
211,BIHAR,Purnia,3264619,1699370,1565249,1332326,805261,527065,1989420,1255641,7989,614,353,1450,650,33688,86058,4170,33664,712847,85749,360243,119259,83226,2155512,696556,372692
212,BIHAR,Katihar,3071029,1600430,1470599,1280190,762256,517934,1684589,1365645,8659,2754,212,507,2141,32570,60900,2941,27263,668232,69838,444260,133811,88498,2054202,660403,353483
213,BIHAR,Madhepura,2001762,1047559,954203,834577,517666,316911,1753829,241760,1342,170,60,133,81,12302,23236,1397,23309,486278,24000,189431,99437,79891,1311771,444235,242382
214,BIHAR,Saharsa,1900661,997174,903487,804996,506374,298622,1629254,266620,1292,197,60,109,8,21651,41342,1668,19415,432651,38046,194897,90182,64560,1249692,415863,233870
215,BIHAR,Darbhanga,3937385,2059949,1877436,1816634,1125566,691068,3042729,881476,3534,832,245,236,101,59510,127442,6280,53205,907174,95539,490534,224622,152540,2535344,865971,529314
216,BIHAR,Muzaffarpur,4801062,2527497,2273565,2509232,1487117,1022115,4032773,745546,5149,933,288,382,98,87796,180651,10290,73012,998694,120700,743623,299475,194920,3016735,1079189,697108
217,BIHAR,Gopalganj,2562012,1267666,1294346,1382998,793905,589093,2119262,436057,2463,271,167,133,28,31193,69375,3707,33596,515925,38133,470828,223776,123249,1642807,546202,370662
218,BIHAR,Siwan,3330464,1675090,1655374,1930175,1115906,814269,2712635,608282,2618,369,407,359,86,42384,52935,3834,37833,632514,41858,612635,355277,186817,2115448,713597,498299
219,BIHAR,Saran,3951862,2022821,1929041,2157454,1285767,871687,3534772,406449,2330,371,229,322,107,51822,94787,4509,37442,701323,76299,693465,361171,213251,2516115,847031,585386
220,BIHAR,Vaishali,3495021,1844535,1650486,1926740,1152576,774164,3152346,333980,2203,707,362,246,71,47300,70001,4810,39564,699317,51494,487594,291392,178320,2176701,759132,486032
221,BIHAR,Samastipur,4261566,2230003,2031563,2142880,1293575,849305,3800598,452370,2126,554,292,231,112,46123,88021,5379,50918,1012979,43486,710468,284082,186153,2766930,913339,568812
222,BIHAR,Begusarai,2970541,1567660,1402881,1548673,918507,630166,2554330,407348,2209,402,229,276,57,49493,120373,4644,43127,594377,139248,484502,207136,144783,1951688,644874,369996
223,BIHAR,Khagaria,1666886,883786,783100,768028,461153,306875,1486989,175588,1253,143,79,86,115,15401,40641,1580,21654,373696,21007,233494,100555,65931,1114645,355531,195796
224,BIHAR,Bhagalpur,3037766,1615663,1422103,1573066,937669,635397,2487866,537098,3556,415,180,1050,32,63241,174534,6764,46929,522527,130634,524322,247079,154643,1952879,674660,397654
225,BIHAR,Banka,2034763,1067140,967623,965321,590961,374360,1772655,250925,6138,139,113,94,1035,15459,62359,1704,22300,425604,18492,386707,120653,63103,1291235,462080,278863
226,BIHAR,Munger,1367765,729041,638724,801817,473741,328076,1252319,110416,1815,338,95,145,61,49141,90461,2653,17946,222281,85782,158699,147152,101907,860147,316713,188319
227,BIHAR,Lakhisarai,1000912,526345,474567,507270,305182,202088,956396,40886,487,140,52,78,52,12938,44491,1186,8862,175882,31763,149312,85807,48001,650642,218840,130655
228,BIHAR,Sheikhpura,636342,329743,306599,328676,196431,132245,596102,37653,313,75,41,43,31,6803,20065,631,8873,108293,24345,110525,52860,33856,413475,136898,85045
229,BIHAR,Nalanda,2877653,1497060,1380593,1519933,919558,600375,2669775,198033,1978,393,414,561,64,43761,101378,4156,43848,514141,102522,486266,274556,177358,1829128,642197,403129
230,BIHAR,Patna,5838465,3078512,2759953,3459679,2028047,1431632,5356075,439952,12551,4803,1062,2151,203,321307,546859,40692,132582,657991,552103,1095655,698351,463361,3626564,1382654,815638
231,BIHAR,Bhojpur,2728407,1430380,1298027,1599151,973486,625665,2518216,197819,2165,544,647,1472,48,45763,62153,3661,34658,434559,77368,605307,313509,163303,1722387,613072,387389
232,BIHAR,Buxar,1706352,887977,818375,989807,593544,396263,1591454,105423,2125,248,5090,97,57,27362,46760,1784,19324,299252,35405,420187,178044,89306,1074754,375372,253998
233,BIHAR,Kaimur (Bhabua),1626384,847006,779378,920276,549923,370353,1456229,155283,1407,296,7707,129,1534,12540,52899,2100,17223,325143,15299,294927,147315,86815,1039302,353413,226808
234,BIHAR,Rohtas,2959918,1543546,1416372,1799832,1061783,738049,2645415,300487,2889,2569,1584,252,537,41659,114893,4594,36279,512383,95678,548971,333053,194928,1875174,673742,407193
235,BIHAR,Aurangabad,2540073,1318684,1221389,1466002,868733,597269,2291133,237353,2218,295,334,775,19,24106,44456,2362,31168,428291,49006,482199,253142,136783,1626969,564571,340948
236,BIHAR,Gaya,4391418,2266566,2124852,2297613,1368803,928810,3876395,488121,3943,913,870,1723,108,57738,112617,6856,57011,696289,111282,757690,342254,191824,2810026,936630,537333
237,BIHAR,Nawada,2219146,1144668,1074478,1091012,659474,431538,1964620,244394,1299,250,176,279,80,20522,31162,1841,28411,379551,45323,368649,161127,95943,1440781,485628,288805
238,BIHAR,Jamui,1760405,916064,844341,858588,534385,324203,1525746,217621,8443,162,159,87,3438,12984,32633,1839,22414,325909,30851,317612,104211,56137,1135919,392052,227016
239,BIHAR,Jehanabad,1125313,585582,539731,618881,374412,244469,1045117,75742,691,148,248,60,58,15507,27641,1106,11302,186660,28132,165906,112966,68748,714244,254582,155106
240,BIHAR,Arwal,700843,363497,337346,386351,235279,151072,634099,64259,390,59,323,74,60,4176,2203,413,6378,134334,9960,118311,81975,48822,444448,156031,98550
241,SIKKIM,North  District,43709,24730,18979,30450,18579,11871,14883,815,2660,816,23318,35,921,2343,7826,116,590,11543,2066,8276,3223,1993,27099,11674,4887
242,SIKKIM,West District,136435,70238,66197,93432,51988,41444,75286,965,13002,40,36390,20,10477,5337,25272,286,1956,32091,1886,30827,10005,6439,84209,32520,19400
243,SIKKIM,South District,146850,76670,70180,106741,59357,47384,84583,1889,21462,151,35053,45,3176,10021,27587,591,2626,31135,8163,32427,12415,7260,87982,37318,20982
244,SIKKIM,East District,283583,151432,132151,214329,121345,92984,177910,6198,23398,861,72455,214,1726,35170,57893,3291,9662,40626,41512,53789,29215,19258,165520,80354,37456
245,ARUNACHAL PRADESH,Tawang,49977,29151,20826,26073,17720,8353,11842,787,776,1164,34920,72,349,3794,8635,96,494,10730,2452,4730,2140,1989,30709,13849,5399
246,ARUNACHAL PRADESH,West Kameng,83947,46155,37792,48492,29566,18926,31265,1970,8466,328,36087,71,5556,7133,14188,202,887,17889,6306,10317,5633,3987,53026,22362,8493
247,ARUNACHAL PRADESH,East Kameng,78690,38775,39915,38449,21599,16850,12333,652,37136,36,452,23,27868,3583,5318,57,885,14503,5215,10487,6213,4510,53752,17922,6960
248,ARUNACHAL PRADESH,Papum Pare,176573,89182,87391,121048,65794,55254,57027,6148,84397,310,4768,139,22586,22966,30539,2477,7418,20308,30180,21956,20007,17342,120592,43812,11856
249,ARUNACHAL PRADESH,Upper Subansiri,83448,41758,41690,45278,24807,20471,13474,521,8779,28,297,11,59449,3123,5373,139,750,14542,4672,16118,10348,8017,56054,20055,7230
250,ARUNACHAL PRADESH,West Siang,112274,58168,54106,64746,36777,27969,15881,2218,29969,577,3311,49,60005,6115,14204,303,1300,22272,8503,17675,11441,8418,70415,28305,13469
251,ARUNACHAL PRADESH,East Siang,99214,50116,49098,62576,34210,28366,27854,2289,18254,69,776,30,49393,4866,14231,450,1582,19497,9524,13713,10937,9498,61993,25334,11802
252,ARUNACHAL PRADESH,Upper Siang,35320,18699,16621,18195,10723,7472,5261,411,5643,27,2577,7,20967,1504,6198,97,392,8569,2182,5584,2935,2211,21090,8910,5252
253,ARUNACHAL PRADESH,Changlang,148226,76948,71278,73174,44027,29147,47683,2134,35969,94,50381,95,11738,4762,14593,170,1486,33422,6498,22537,10032,5641,96630,35018,16414
254,ARUNACHAL PRADESH,Tirap,111975,57604,54371,47974,29313,18661,20682,1103,83361,61,778,43,5325,3104,16026,98,888,18420,6500,16989,7834,4305,71785,25669,14423
255,ARUNACHAL PRADESH,Lower Subansiri,83030,41843,41187,54057,29470,24587,9551,1482,34402,27,193,13,37085,4211,12493,381,1598,18112,5365,10821,9861,7674,55258,20305,7412
256,ARUNACHAL PRADESH,Kurung Kumey,92076,45318,46758,36606,20258,16348,4859,471,51189,43,121,81,34158,586,3911,95,969,18603,1092,15054,6997,4353,64379,20713,6836
257,ARUNACHAL PRADESH,Dibang Valley,8004,4414,3590,4436,2614,1822,3141,111,223,7,126,2,4267,605,1074,17,133,2055,1175,1258,809,656,5113,2088,786
258,ARUNACHAL PRADESH,Lower Dibang Valley,54080,28053,26027,31849,18087,13762,28915,2247,9213,33,2932,19,10393,3068,5932,207,742,12000,3950,7957,5508,3570,35140,13254,5652
259,ARUNACHAL PRADESH,Lohit,145726,76221,69505,83062,48380,34682,99020,3846,10684,210,24452,104,7277,6549,17157,312,1471,33599,11372,25179,13070,7612,94890,35493,15195
260,ARUNACHAL PRADESH,Anjaw,21167,11507,9660,9990,6523,3467,13088,655,271,273,644,12,6137,476,1949,27,252,6025,428,2946,1167,793,13913,4755,2456
261,NAGALAND,Mon,250260,131753,118507,119626,67432,52194,8102,3444,236494,84,1256,314,1,1080,14398,178,2844,43607,7415,46055,7628,3565,168773,53600,27437
262,NAGALAND,Mokokchung,194622,101092,93530,159494,83479,76015,9840,2057,181847,78,442,66,6,7236,40154,537,2728,37536,17742,43483,27425,13077,111243,52853,30363
263,NAGALAND,Zunheboto,140757,71217,69540,102881,53504,49377,2580,772,136995,39,286,6,2,1433,28846,261,2008,31267,6044,30889,17282,8821,91709,32267,16730
264,NAGALAND,Wokha,166343,84505,81838,128208,67385,60823,5605,2043,158236,34,318,8,20,3228,25268,198,1757,38499,8170,37024,18746,10223,106951,40510,18811
265,NAGALAND,Dimapur,378811,197394,181417,278037,150142,127895,108900,31212,234239,566,1270,2148,157,42378,71413,3303,12077,49116,62853,61815,44343,26712,243392,98601,36618
266,NAGALAND,Phek,163418,83743,79675,105893,57926,47967,3563,950,158224,31,350,17,198,2073,36182,170,1558,38903,7295,32722,12785,7268,108514,37842,16969
267,NAGALAND,Tuensang,196596,101933,94663,117511,63653,53858,2979,1052,191864,27,572,5,1,773,24998,155,2251,40690,9451,40900,15013,6008,134573,43210,18762
268,NAGALAND,Longleng,50484,26502,23982,29859,16139,13720,873,635,48849,5,77,0,0,186,6416,37,635,12686,2451,11884,3458,1695,33970,11210,5271
269,NAGALAND,Kiphire,74004,37830,36174,41232,22675,18557,1040,564,71803,13,210,1,1,120,14147,47,478,16032,4290,15740,5204,2052,52699,14955,6309
270,NAGALAND,Kohima,267988,138966,129022,197489,107038,90451,25496,4384,234955,998,1519,80,335,20712,50724,1928,7982,31845,44255,46756,30518,19855,173701,68485,25557
271,NAGALAND,Peren,95219,49714,45505,62204,34584,27620,4076,1850,86145,15,459,10,2493,605,13859,121,1414,20204,4073,24527,8082,3938,64393,21597,9156
272,MANIPUR,Senapati,479148,247323,231825,264477,148012,116465,43833,1649,426819,140,2409,53,1243,2430,22798,256,2170,38008,1826,81735,62033,40438,314439,111516,52008
273,MANIPUR,Tamenglong,140651,72371,68280,85006,47403,37603,2995,589,134760,59,425,57,1144,1229,11541,125,1362,23982,4119,28461,17867,11645,90273,33290,16924
274,MANIPUR,Churachandpur,274143,138820,135323,195935,104013,91922,12034,2886,254979,152,495,87,2333,13371,29894,837,4496,52972,4853,67907,38567,23284,168608,67802,37096
275,MANIPUR,Bishnupur,237399,118782,118617,156333,87313,69020,175102,18691,4264,56,76,16,38457,11393,34364,676,3447,34977,21172,36011,31775,20077,135220,62907,38815
276,MANIPUR,Thoubal,422168,210845,211323,269304,152617,116687,267146,107323,4322,106,114,24,42347,15994,49507,880,5110,65961,38302,69738,55803,37899,251975,107196,62060
277,MANIPUR,Imphal West,517992,255054,262938,392626,205985,186641,387497,24298,23377,589,1891,1264,77032,61736,87078,4913,15066,51055,85746,66042,77472,60821,278940,148146,89394
278,MANIPUR,Imphal East,456113,226094,230019,324664,173314,151350,274906,80199,27361,181,639,62,70825,41213,78663,2739,9837,64421,46520,69144,60422,47390,261530,123439,70005
279,MANIPUR,Ukhrul,183998,94718,89280,129829,70148,59681,7553,1115,174112,108,635,70,32,1659,14026,276,2437,36084,5806,29382,31734,22729,113715,43646,25165
280,MANIPUR,Chandel,144182,74579,69603,90302,51053,39249,10810,3086,129049,136,400,59,354,1424,18764,184,1782,30377,3783,28163,18971,12213,86255,39324,18329
281,MIZORAM,Mamit,86364,44828,41536,60191,32977,27214,2989,1782,69104,13,12328,25,19,4010,12158,90,1073,16726,4129,19711,10756,3180,55914,20082,10318
282,MIZORAM,Kolasib,83955,42918,41037,65895,34147,31748,4000,4426,75210,16,108,2,46,8787,14853,367,1986,9669,12507,18046,9849,3473,52147,20576,11167
283,MIZORAM,Aizawl,400309,199270,201039,340595,169547,171048,13249,5264,379134,105,1570,76,505,64710,79804,4019,21093,20570,80341,68214,78752,37701,235892,108094,56092
284,MIZORAM,Champhai,125745,63388,62357,100802,51440,49362,1075,699,123446,9,151,45,194,9115,23948,186,2263,18395,12717,31359,16259,4956,78778,29690,17189
285,MIZORAM,Serchhip,64937,32851,32086,54476,27598,26878,991,335,63444,6,60,9,35,5511,12315,131,987,7472,8018,14985,9062,2915,39568,15894,9404
286,MIZORAM,Lunglei,161428,82891,78537,121122,64515,56607,5231,1290,127124,74,27543,93,5,14037,26394,482,3725,21479,17315,33313,19918,8503,100250,39690,21424
287,MIZORAM,Lawngtlai,117894,60599,57295,62861,36444,26417,1668,522,63892,52,51549,122,2,5213,9283,162,1329,21993,5273,21114,10538,3763,80723,25303,11831
288,MIZORAM,Saiha,56574,28594,27980,42233,21861,20372,933,514,54977,11,102,4,2,4783,7400,168,1194,7043,5784,14151,7269,3628,37127,12784,6636
289,TRIPURA,West Tripura,1725739,879428,846311,1361354,722998,638356,1512801,152791,53622,499,2128,362,430,103228,314567,6394,36186,289621,217016,421485,156277,88122,940424,499719,284637
290,TRIPURA,South Tripura,876001,447544,428457,646810,351082,295728,736015,49258,39258,245,49420,106,808,20246,133744,948,10393,219171,44906,223185,70173,31690,505558,236676,133424
291,TRIPURA,Dhalai,378230,194544,183686,276217,151643,124574,307120,8256,22940,175,39120,85,206,5532,46875,273,5067,89457,14071,84516,21430,9157,232286,95548,50269
292,TRIPURA,North Tripura,693947,352860,341087,520402,275646,244756,507967,105737,44062,151,34717,307,70,19631,81601,997,10310,150437,42184,179547,47160,22720,414878,178608,100274
293,MEGHALAYA,West Garo Hills,643291,324159,319132,358702,193438,165264,122936,106788,389956,209,3392,144,16950,10006,51301,1630,8872,139351,18594,129178,70941,29404,427629,143604,70599
294,MEGHALAYA,East Garo Hills,317917,161223,156694,192147,102513,89634,17272,3359,289708,56,1004,38,5617,1839,24550,288,2368,62698,11518,70679,31328,9473,216742,70424,29926
295,MEGHALAYA,South Garo Hills,142334,73170,69164,82062,45003,37059,7036,1050,132984,27,332,10,362,482,10940,179,1625,35930,3713,28921,13858,3998,97082,30605,14495
296,MEGHALAYA,West Khasi Hills,383461,193715,189746,230678,117307,113371,6498,1533,366881,58,1313,38,5878,476,32873,149,2462,74832,12299,78208,28417,12295,278569,69988,33431
297,MEGHALAYA,Ribhoi,258840,132531,126309,155859,80977,74882,30945,1838,218508,166,428,49,6308,2319,30676,291,1906,57988,5736,58581,20134,7632,183343,52945,22365
298,MEGHALAYA,East Khasi Hills,825922,410749,415173,578030,287270,290760,144935,14185,543394,2495,3111,303,115597,41496,135941,5032,19306,106248,108843,163729,94579,58836,545961,192428,86576
299,MEGHALAYA,Jaintia Hills,395124,196285,198839,187527,87371,100156,12456,1646,271596,34,284,45,107559,7150,41677,510,4333,76546,7171,61526,26748,13544,291097,72934,30362
300,ASSAM,Kokrajhar,887142,452905,434237,489305,275220,214085,529068,252271,101091,93,1718,396,123,15089,41373,1218,14063,204896,17115,166013,78788,39571,552671,224715,108956
301,ASSAM,Dhubri,1949258,997848,951410,922341,511551,410790,388380,1553023,4107,254,101,1846,45,28963,72232,1828,26263,460602,60417,299724,100387,65082,1286592,439375,221745
302,ASSAM,Goalpara,1008183,513292,494891,563577,304302,259275,347878,579929,77862,771,194,477,103,21455,78641,1364,13524,228610,39504,213510,73683,39885,650509,239831,117427
303,ASSAM,Barpeta,1693622,867004,826618,897058,499038,398020,492966,1198036,1020,112,49,399,14,50806,84804,2078,25286,447189,52192,307884,121924,87377,1072312,405046,215355
304,ASSAM,Morigaon,957423,486651,470772,539902,289698,250204,451882,503257,834,113,65,244,11,20083,52404,1421,15145,232206,25275,195656,67969,40803,612737,225224,118271
305,ASSAM,Nagaon,2823768,1439112,1384656,1710716,921850,788866,1225246,1563203,26844,3036,1073,1162,61,89206,195631,5121,45956,674999,124186,638088,199792,115864,1778277,678034,366112
306,ASSAM,Sonitpur,1924110,983904,940206,1108572,620525,488047,1422824,350536,138166,1363,5088,1003,221,70047,133368,4358,31254,483325,64528,416218,141373,90385,1159991,501239,261648
307,ASSAM,Lakhimpur,1042137,529674,512463,683486,375552,307934,797130,193476,46217,412,1074,250,2410,32104,60296,1948,15011,293239,34694,212080,107326,82885,639385,268872,133615
308,ASSAM,Dhemaji,686133,351249,334884,423028,237761,185267,655052,13475,8711,297,911,167,6315,16547,28195,1192,10410,211758,16504,138838,80804,55399,434221,169630,82051
309,ASSAM,Tinsukia,1327929,680231,647698,798322,453449,344873,1181347,48373,76877,1999,16228,837,395,70471,161718,5135,27948,290704,90910,266717,109805,61040,799874,352158,175377
310,ASSAM,Dibrugarh,1326335,676434,649901,884531,491361,393170,1198401,64526,52968,2261,4673,1055,46,76292,136685,8817,34479,299852,77163,243607,139813,89500,767147,371864,186774
311,ASSAM,Sivasagar,1151050,589216,561834,813505,444767,368738,1007277,95553,33147,902,3953,286,8541,61450,123430,5146,22124,360182,45047,208891,158118,96939,648056,330947,171710
312,ASSAM,Jorhat,1092256,556805,535451,794929,432335,362594,1008219,54684,21051,1540,2378,719,578,71639,122063,5651,26357,286330,80824,201680,128050,97025,604908,315550,171062
313,ASSAM,Golaghat,1066888,543161,523727,721764,396475,325289,917426,90312,50582,1131,3863,530,1347,40889,82345,3073,17636,292893,34190,223902,111145,66197,629153,289085,148244
314,ASSAM,Karbi Anglong,956313,490167,466146,557214,314253,242961,766000,20290,157789,370,6260,397,3568,18763,53918,1923,11340,215691,37185,212224,93137,40602,618633,233739,103123
315,ASSAM,Dima Hasao,214102,110802,103300,140873,78559,62314,143593,4358,63310,207,680,70,1170,9202,19389,524,3753,37610,21309,43811,27839,10859,135463,53699,24830
316,ASSAM,Cachar,1736617,886284,850333,1174128,639946,534182,1038985,654816,37635,280,341,1673,98,62135,140205,5316,37541,346227,88933,447993,156156,79766,1048990,444899,241776
317,ASSAM,Karimganj,1228686,625864,602822,795297,435942,359355,521962,692489,11990,114,446,524,110,28261,70951,1933,24699,261945,32695,333885,76685,39637,779850,284368,163990
318,ASSAM,Hailakandi,659296,337890,321406,407366,226836,180530,251194,397653,8480,84,490,247,636,11035,44143,1211,10615,159215,16202,177984,50056,28504,419921,156243,82841
319,ASSAM,Bongaigaon,738804,375818,362986,434078,237114,196964,359145,371033,5924,384,236,871,9,29937,49866,2523,12959,181923,38470,138294,55924,35491,458796,184849,94939
320,ASSAM,Chirang,482162,244860,237302,259902,145869,114033,320647,109248,49747,87,406,125,482,8135,22502,747,8627,129018,11613,92943,37792,17702,301518,122244,58282
321,ASSAM,Kamrup,1517542,778461,739081,995319,550219,445100,877495,601784,33297,319,185,1330,55,70272,122191,3109,23468,390596,43849,290097,154831,118849,895775,408232,212740
322,ASSAM,Kamrup Metropolitan,1253938,647585,606353,1001191,537227,463964,1064412,151071,18810,3679,1627,9250,170,223368,250861,29117,85123,61334,366858,160490,148429,143478,659453,401500,190908
323,ASSAM,Nalbari,771639,396006,375633,531771,293184,238587,491582,277488,429,62,27,1004,9,37849,68313,1631,12360,210706,28238,141690,81507,71734,442061,211320,117809
324,ASSAM,Baksa,950075,481330,468745,572837,322614,250223,782901,135750,27076,156,1189,239,353,11281,44425,1175,13566,291641,3580,195643,96782,53446,563089,256282,130083
325,ASSAM,Darrang,928500,475273,453227,487039,268666,218373,327322,597392,1688,431,57,724,19,17676,45444,1166,12084,268517,20189,163277,59039,47398,583436,226525,118102
326,ASSAM,Udalguri,831668,421617,410051,469926,264326,205600,612425,105319,110215,215,1681,124,229,13666,53507,1448,11893,267790,13835,155720,63394,34334,499214,221518,109962
327,WEST BENGAL,Darjiling,1846823,937259,909564,1315585,717673,597912,1366681,105086,141848,2032,209240,1840,15523,141897,297176,10943,38065,303284,215675,344865,176129,113905,1031221,523288,289979
328,WEST BENGAL,Jalpaiguri,3872846,1983064,1889782,2498780,1396622,1102158,3156781,445817,186279,2994,50676,1461,23816,138522,382500,9322,48818,798378,319426,765613,292056,150360,2259507,1035449,575667
329,WEST BENGAL,Koch Bihar,2819086,1451542,1367544,1850504,1028733,821771,2087766,720033,4122,449,445,1869,158,49914,186195,3534,34438,803407,97331,595555,209153,93119,1623320,744646,448761
330,WEST BENGAL,Uttar Dinajpur,3007134,1551066,1456068,1489667,853495,636172,1482943,1501170,16702,477,432,1324,1622,39138,199307,2883,31210,683981,94269,488047,163106,73395,1916033,704859,385155
331,WEST BENGAL,Dakshin Dinajpur,1676276,857199,819077,1083685,596474,487211,1232850,412788,24794,276,148,323,2786,37186,168069,2518,24318,390949,70077,323965,135556,63286,937283,465982,271423
332,WEST BENGAL,Maldah,3988845,2051541,1937304,2086432,1152019,934413,1914352,2045151,13209,747,359,639,7929,54213,297716,5357,63525,830318,128678,629137,238078,109719,2511004,955283,520122
333,WEST BENGAL,Murshidabad,7103807,3627564,3476243,4055834,2177187,1878647,2359061,4707573,18102,766,348,3037,7429,92742,541169,7951,79729,1501066,350899,1428661,443254,230242,4390564,1717594,991413
334,WEST BENGAL,Birbhum,3502404,1790920,1711484,2158447,1201481,956966,2181515,1298054,10906,582,258,1152,6051,57010,333752,5210,39636,831044,134565,661190,245201,122865,2008655,952059,539463
335,WEST BENGAL,Barddhaman,7717563,3966889,3750674,5247208,2918040,2329168,6008472,1599764,21220,16675,1602,1674,44968,292585,1049943,32323,141387,1364868,862368,1437198,698251,405935,4149420,2265543,1292913
336,WEST BENGAL,Nadia,5167600,2653768,2513832,3480555,1878866,1601689,3728482,1382682,33835,849,514,281,16893,168314,623729,12787,77210,1081381,468390,1093403,412193,236828,2745828,1484986,934417
337,WEST BENGAL,North Twenty Four Parganas,10009781,5119389,4890392,7608693,4056046,3552647,7352769,2584684,26933,9394,5818,4452,2930,791267,1608749,105185,307381,1209337,1649803,1874051,989053,670977,5104876,2968996,1921143
338,WEST BENGAL,Hugli,5519145,2814653,2704492,4078388,2211777,1866611,4574569,870204,7300,2662,1730,2160,49050,319815,965258,31725,118459,992085,647953,1172797,515807,333658,2766489,1688206,1060821
339,WEST BENGAL,Bankura,3596674,1838095,1758579,2232992,1299337,933655,3033581,290450,3865,386,260,2904,260694,45126,334670,4273,34128,900515,90885,545200,261478,143882,1942335,1014764,637834
340,WEST BENGAL,Puruliya,2930115,1496996,1433119,1624905,1002058,622847,2373120,227249,8646,622,209,3052,309029,30675,189889,3551,32862,653219,99433,480046,177459,91807,1678057,764776,484166
341,WEST BENGAL,Haora,4850029,2500819,2349210,3605206,1942824,1662382,3535844,1270641,8666,4380,1258,9699,1265,325053,796953,30751,99261,483384,869313,1059842,446743,284481,2587164,1423304,833104
342,WEST BENGAL,Kolkata,4496694,2356766,2139928,3588137,1926915,1661222,3440290,926414,39758,13849,4771,21178,1452,623579,927602,136618,252644,0,1308106,597841,555529,425245,2025389,1433314,1014769
343,WEST BENGAL,South Twenty Four Parganas,8161961,4173778,3988183,5531657,3043277,2488380,5155545,2903075,66498,2783,2494,972,6065,232355,837874,20665,115871,1568802,611430,1775793,564417,316571,4763943,2151474,1235558
344,WEST BENGAL,Paschim Medinipur,5913457,3007885,2905572,4078412,2266913,1811499,5056953,620554,23287,2854,2019,1550,184278,108068,663811,8970,62108,1364335,201048,1139784,477973,262072,3243971,1664250,990179
345,WEST BENGAL,Purba Medinipur,5095875,2629834,2466041,3923194,2149073,1774121,4343972,743436,2648,746,317,574,359,55834,530761,9076,67707,1193006,170707,1219166,444668,236549,2866678,1384242,842025
346,JHARKHAND,Garhwa,1322784,683575,639209,653476,405161,248315,1104475,194680,17168,123,371,20,4591,6798,29373,565,8881,272872,19180,195565,87844,46882,860869,284036,177599
347,JHARKHAND,Chatra,1042886,533935,508951,510061,303902,206159,903179,116710,6565,888,35,129,12936,5307,27037,590,9115,200974,14528,161729,63670,35342,692650,222892,126682
348,JHARKHAND,Kodarma,716259,367222,349037,390249,238780,151469,605138,107018,1221,944,32,980,269,11810,62318,845,7195,116714,34771,130315,52622,26415,462098,158603,95309
349,JHARKHAND,Giridih,2445474,1258098,1187376,1253475,783736,469739,1856202,508586,14645,937,650,1503,59218,16909,125431,1944,19976,452564,46886,443980,146464,77540,1597269,533788,312967
350,JHARKHAND,Deoghar,1492073,775022,717051,793538,489837,303701,1165140,302626,6027,143,188,282,16067,26760,130193,1944,13550,257373,64337,266292,96331,54419,944961,338413,205514
351,JHARKHAND,Godda,1313551,677927,635624,604519,376212,228307,937126,289182,37795,97,128,115,47067,7421,43230,874,11925,276454,15576,190777,79430,47395,820367,308639,183519
352,JHARKHAND,Sahibganj,1150567,589391,561176,483263,287303,195960,628044,398243,83208,198,245,125,38426,11545,34879,591,9563,223450,37543,171416,52248,28087,745027,261849,137727
353,JHARKHAND,Pakur,900422,452661,447761,352881,206989,145892,410127,322963,75865,356,283,222,88760,5316,31414,328,4535,200588,16587,133770,29934,15700,587976,206826,104418
354,JHARKHAND,Dhanbad,2684487,1405956,1278531,1722204,1014950,707254,2149480,431762,11243,9727,331,1268,77182,83995,427173,11568,46646,258764,405455,501453,305054,186697,1634835,648876,356445
355,JHARKHAND,Bokaro,2062330,1072807,989523,1273520,759088,514432,1636460,241451,13730,4174,1890,2045,160524,67157,274726,9754,37997,250312,258452,338861,232434,154076,1261238,510375,282115
356,JHARKHAND,Lohardaga,461790,232629,229161,259707,149568,110139,112378,95012,16770,51,33,15,235987,8016,28769,351,2954,96759,14725,84920,38503,21987,298844,100340,62244
357,JHARKHAND,Purbi Singhbhum,2293919,1176902,1117017,1507699,856526,651173,1550178,203999,30172,38544,892,1670,465367,159644,382507,22042,63985,262537,342126,346644,278853,162210,1292595,632314,368148
358,JHARKHAND,Palamu,1939869,1006302,933567,1024563,621706,402857,1683169,238295,6164,734,188,284,5681,17270,68238,2155,19981,355529,52375,296937,160964,100290,1244572,425668,268387
359,JHARKHAND,Latehar,726978,369666,357312,350682,209706,140976,473049,69808,47653,120,128,16,133525,2177,38194,340,6240,146377,14137,121529,46142,23885,484084,152720,89870
360,JHARKHAND,Hazaribagh,1734495,890881,843614,1013249,596113,417136,1397227,281247,17137,1312,71,1676,34154,23057,176888,3532,18181,312983,68765,322344,173378,99945,1107452,396466,230033
361,JHARKHAND,Ramgarh,949443,494230,455213,596497,350031,246466,774251,129037,7260,5093,69,537,32378,24095,149265,2876,12021,134067,118558,138748,101381,70249,594747,230525,123794
362,JHARKHAND,Dumka,1321442,668514,652928,672409,406275,266134,1044726,106865,86404,234,267,162,78622,11836,62110,1193,10396,303697,23281,229259,69525,38383,799323,324226,196164
363,JHARKHAND,Jamtara,791042,404830,386212,426312,258260,168052,550560,164406,4419,520,118,783,68564,5564,49419,808,4959,165555,20113,132014,40613,22995,480895,189889,116810
364,JHARKHAND,Ranchi,2914253,1494937,1419316,1911433,1085244,826189,1612239,410759,193974,4826,932,2733,677445,164237,350908,22538,76565,420740,310242,547583,370847,247237,1742293,725938,409166
365,JHARKHAND,Khunti,531885,266335,265550,284575,164741,119834,138863,13122,136438,69,245,148,241292,3779,29157,417,4747,123245,12474,89730,48591,20689,327152,125649,78736
366,JHARKHAND,Gumla,1025213,514390,510823,559720,321795,237925,309563,51429,202449,221,531,23,457468,9108,31687,831,7807,216629,16445,242580,82114,45613,643579,225871,155452
367,JHARKHAND,Simdega,599578,300309,299269,343483,191991,151492,201524,15103,306601,51,753,114,73930,3472,16865,423,4649,144169,11114,130068,47836,24842,357859,143560,97817
368,JHARKHAND,Pashchimi Singhbhum,1502338,749385,752953,727561,439273,288288,423937,38103,87587,946,389,52,945864,19441,121955,1959,12472,336928,63396,461276,79516,35824,960987,353305,187635
369,JHARKHAND,Saraikela-Kharsawan,1065056,544411,520645,612993,365332,247661,709016,63588,8113,1114,187,72,280469,26118,138131,2606,12081,217248,68439,259984,106348,49944,634975,265892,161542
370,ORISSA,Bargarh,1481255,749161,732094,983783,557217,426566,1459065,7527,11744,652,161,125,44,16880,166909,2401,12343,411566,47395,310784,147217,58840,787033,410005,282422
371,ORISSA,Jharsuguda,579505,296690,282815,405879,228092,177787,553587,12783,10462,1441,80,70,67,18950,81433,2498,7555,103224,73962,101541,70928,32909,320156,159477,98555
372,ORISSA,Sambalpur,1041099,526877,514222,703691,393192,310499,964188,20120,50637,2506,310,86,1117,33612,126498,5231,14521,220697,94798,185289,108455,50705,565700,286575,186726
373,ORISSA,Debagarh,312520,158230,154290,197819,112649,85170,296001,704,14518,53,102,7,409,2236,22453,825,3247,91408,7350,58231,27415,13420,176062,81789,53989
374,ORISSA,Sundargarh,2093437,1061147,1032290,1342322,750147,592175,1532352,71391,385011,5713,710,721,89986,77581,223537,12787,35024,387911,230151,350349,243386,120373,1188918,573238,324436
375,ORISSA,Kendujhar,1801733,906487,895246,1052518,605119,447399,1752694,27752,9141,2177,209,131,7372,30240,121830,2622,13167,490634,83664,287402,158035,70059,1038890,472908,282751
376,ORISSA,Mayurbhanj,2519738,1256213,1263525,1369397,794171,575226,2113079,33706,15008,661,162,109,351714,29031,140189,2950,17999,689110,64479,390037,214921,92060,1449729,650135,414076
377,ORISSA,Baleshwar,2320529,1185787,1134742,1621232,902359,718873,2197709,94254,6434,237,111,201,18345,36478,296834,7370,28289,601154,82440,470502,267354,112392,1303828,622575,390611
378,ORISSA,Bhadrak,1506337,760260,746077,1094140,596269,497871,1398543,104202,745,169,81,111,61,15864,164636,2637,15609,373862,54244,391081,177013,71815,848660,393629,260486
379,ORISSA,Kendrapara,1440361,717814,722547,1089265,579970,509295,1386792,50247,1423,169,62,52,24,15879,173107,1628,11836,414749,23494,357621,203472,76449,771284,374559,290894
380,ORISSA,Jagatsinghapur,1136971,577865,559106,889027,481049,407978,1086140,46929,1604,206,74,58,63,20225,139646,3199,13312,309685,43047,251767,185671,72703,577896,317148,238753
381,ORISSA,Cuttack,2624470,1352760,1271710,2011469,1103033,908436,2457729,141263,11985,1026,6276,1180,168,103177,349587,15046,40589,579529,210768,545514,328319,159456,1372301,743090,499895
382,ORISSA,Jajapur,1827192,926034,901158,1290455,706396,584059,1725595,93642,1623,470,58,100,3073,25969,192249,3831,17922,495611,45528,433653,223657,96963,1010147,479392,332706
383,ORISSA,Dhenkanal,1192811,612593,580218,829910,464093,365817,1185542,4805,727,124,366,39,139,19846,117172,1810,10600,315390,36979,238599,132002,53162,641697,326233,222398
384,ORISSA,Anugul,1273821,655718,618103,869456,494425,375031,1258684,7512,3383,812,226,36,971,27099,131916,5564,15658,340410,74177,265782,129226,58029,708493,347521,213517
385,ORISSA,Nayagarh,962789,502636,460153,688362,392333,296029,955754,5278,383,107,33,24,12,11159,124984,1163,8278,261646,26688,227102,90089,36951,502136,262086,196994
386,ORISSA,Khordha,2251673,1167137,1084536,1749936,957515,792421,2147632,84060,12527,1264,475,476,434,160277,349860,35701,75588,331834,356895,445785,295099,177974,1199521,653346,391701
387,ORISSA,Puri,1698730,865380,833350,1291939,704857,587082,1644905,46094,4239,193,243,94,302,33331,201605,3416,16006,402014,72210,413605,179086,84374,888134,477430,328666
388,ORISSA,Ganjam,3529031,1779218,1749813,2210050,1262652,947398,3486059,13315,23975,590,174,170,76,120191,405298,9049,41059,795476,219918,767140,297490,121151,1980232,924756,613249
389,ORISSA,Gajapati,577817,282882,294935,262537,153663,108874,353160,1556,219482,53,2180,66,4,12035,63112,635,5523,152095,23050,76419,36977,17084,345387,144043,85072
390,ORISSA,Kandhamal,733110,359945,373165,399786,233900,165886,580300,2138,148895,82,290,47,23,6938,28736,768,6609,218446,24489,145604,48856,21351,436625,177471,117777
391,ORISSA,Baudh,441162,221625,219537,271612,158648,112964,438152,1007,522,24,5,11,7,3105,19191,245,3430,131377,6577,98316,30799,12500,253467,111571,75046
392,ORISSA,Subarnapur,610183,311312,298871,398421,230393,168028,605225,1566,2374,58,46,17,6,5168,50028,708,4289,176927,16575,139994,65368,25556,341561,153760,113450
393,ORISSA,Balangir,1648997,830097,818900,927260,545672,381588,1618175,7811,16271,565,467,2225,141,21268,123446,3286,17274,476770,62192,298288,116297,54694,904026,430011,310876
394,ORISSA,Nuapada,610382,301962,308420,299383,180903,118480,601092,4952,1778,724,76,905,22,6414,43976,757,4221,197258,11869,114394,51886,19577,344075,152681,112325
395,ORISSA,Kalahandi,1576869,787101,789768,802036,484177,317859,1555367,4975,11160,796,175,1225,220,17610,91171,1953,12622,456336,38412,225468,94044,40383,880160,415778,275533
396,ORISSA,Rayagada,967911,471960,495951,407735,241959,165776,874445,4607,84916,219,249,123,44,24924,61543,1553,9166,237343,49205,97387,46001,21439,577569,245766,140825
397,ORISSA,Nabarangapur,1220946,604812,616134,470379,286984,183395,1178005,6753,32152,169,189,325,54,9347,34570,1324,8128,342840,29424,155611,44522,16463,745206,297552,171761
398,ORISSA,Koraput,1379647,678809,700838,568090,340843,227247,1294151,8850,68550,518,219,491,3384,39631,85766,3988,17294,381789,78339,158653,60589,32257,818578,348803,207206
399,ORISSA,Malkangiri,613192,303624,309568,244706,147001,97705,600219,1871,10039,213,43,195,35,4738,24604,448,3908,167884,15839,64683,19031,8487,381913,146355,83284
400,CHHATTISGARH,Koriya,658917,334737,324180,397823,229923,167900,604259,25878,9398,1391,84,1155,15474,25605,80023,1667,7609,121852,59763,109639,47127,38677,399581,165022,94073
401,CHHATTISGARH,Surguja,2359886,1193129,1166757,1187941,694686,493255,2126195,81442,97432,2303,1287,623,48295,29433,253131,2737,18983,525596,65167,338509,135374,105992,1441436,561915,355077
402,CHHATTISGARH,Jashpur,851669,424747,426922,495415,280656,214759,629509,15336,189588,474,467,694,14835,6628,76783,567,5755,205670,20722,137681,64188,50562,488965,214455,148100
403,CHHATTISGARH,Raigarh,1493984,750278,743706,951639,542756,408883,1422986,17332,47653,2117,781,409,1782,27771,297308,3342,13857,354278,66638,260661,130700,93340,841958,398257,253488
404,CHHATTISGARH,Korba,1206640,612915,593725,748759,433391,315368,1133176,30195,21059,3666,897,753,15649,43357,202380,4544,18004,206598,126055,188303,89167,83166,729708,309479,166959
405,CHHATTISGARH,Janjgir - Champa,1619707,815717,803990,1019634,593679,425955,1597089,14173,2926,635,556,707,2220,19129,339090,1706,10833,379583,61190,241692,152183,127543,975114,383172,260898
406,CHHATTISGARH,Bilaspur,2663629,1351574,1312055,1596560,932474,664086,2540763,57973,20745,6373,2979,2357,29122,77727,519704,8566,30892,549632,188174,407692,189296,152838,1625484,655032,380114
407,CHHATTISGARH,Kabeerdham,822526,412058,410468,414167,248503,165664,776013,12206,980,924,433,1167,30222,6375,150649,682,2962,187311,23868,123840,37650,28074,515971,198517,107854
408,CHHATTISGARH,Rajnandgaon,1537133,762855,774278,1008379,561355,447024,1399658,23648,5193,3761,28541,8187,67444,26486,275501,2111,11790,313604,76528,287436,105149,82141,898915,404418,233068
409,CHHATTISGARH,Durg,3343872,1682101,1661771,2303378,1284612,1018766,3129745,83499,24304,24276,19587,17209,42569,129193,614109,16141,51289,533448,349741,573291,309508,286244,1919832,898241,523656
410,CHHATTISGARH,Raipur,4063872,2048186,2015686,2629749,1493158,1136591,3881485,103038,23181,16707,8397,17137,10680,166505,728556,20261,59523,673499,395001,664470,313247,267265,2454299,1038155,560184
411,CHHATTISGARH,Mahasamund,1032754,511967,520787,637963,364089,273874,1008061,12570,5284,2941,521,1495,1417,13200,212487,961,5614,274793,35774,194739,78583,57949,582544,272009,177826
412,CHHATTISGARH,Dhamtari,799781,397897,401884,546833,303924,242909,777188,10425,2644,1196,667,3612,3685,14568,148926,1016,4804,168689,41792,148544,65196,58875,461125,213021,125429
413,CHHATTISGARH,Uttar Bastar Kanker,748941,373338,375603,456042,258298,197744,627460,6040,4007,552,2213,1071,105869,7736,110208,579,4084,169191,24878,124893,47002,43956,437598,197603,113450
414,CHHATTISGARH,Bastar,1413199,698487,714712,650863,382335,268528,1277975,12413,27951,2099,985,3466,86925,22075,157646,1782,9042,316425,54894,178766,60936,57413,864272,358157,189569
415,CHHATTISGARH,Narayanpur,139820,70104,69716,56621,33449,23172,129161,776,600,96,71,409,8542,1384,9316,86,589,26916,6179,16034,4158,4488,91338,33956,14367
416,CHHATTISGARH,Dakshin Bastar Dantewada,533638,264142,269496,191237,116529,74708,513915,6437,4888,457,352,1044,6071,10406,43608,955,3879,106545,31304,39023,16665,16905,334987,140188,58170
417,CHHATTISGARH,Bijapur,255230,128663,126567,86919,54076,32843,245151,1617,2709,68,1649,15,3793,1022,12516,117,1462,50449,7942,22787,7192,6755,167348,63802,23927
418,MADHYA PRADESH,Sheopur,687861,361784,326077,328025,208201,119824,638702,41396,230,6387,201,379,40,11701,74770,273,5393,150146,26376,70840,37072,24732,449974,155063,82416
419,MADHYA PRADESH,Morena,1965970,1068417,897553,1179685,747652,432033,1875495,76159,1092,557,3234,6681,92,45113,131486,1781,20172,319298,95288,285682,170254,115790,1254302,452484,257704
420,MADHYA PRADESH,Bhind,1703005,926843,776162,1094917,676513,418404,1595400,66776,973,4047,12215,19950,73,32268,107819,1166,14368,271211,88385,261162,140743,96011,1040736,399676,258588
421,MADHYA PRADESH,Gwalior,2032036,1090327,941709,1357210,803114,554096,1835299,141735,4119,24790,4361,18058,217,165061,306859,15779,46454,172720,272172,235924,193082,166719,1218319,519728,291451
422,MADHYA PRADESH,Datia,786754,420157,366597,491445,303815,187630,747693,28483,683,490,7923,453,10,17555,97696,616,5251,160453,43401,131372,73398,48978,473097,195131,118186
423,MADHYA PRADESH,Shivpuri,1726050,919795,806255,900846,573242,327604,1648749,51200,1117,7151,3421,12171,72,35706,148128,1852,15304,367859,66759,214162,84684,58509,1106084,389652,227989
424,MADHYA PRADESH,Tikamgarh,1445166,760355,684811,747940,459353,288587,1383475,44143,588,251,109,15569,39,21489,132725,1090,10899,322772,60220,188694,78053,58245,898323,343824,201875
425,MADHYA PRADESH,Chhatarpur,1762375,936121,826254,943033,572010,371023,1676918,70351,1980,968,250,10409,102,36506,176056,1880,15567,375869,95048,236054,112961,77787,1112636,394060,252417
426,MADHYA PRADESH,Panna,1016520,533480,483040,552559,332140,220419,974748,35214,418,186,37,4734,218,13285,76097,653,8501,256744,32179,134936,70359,47903,635347,235035,144827
427,MADHYA PRADESH,Sagar,2378458,1256257,1122201,1545719,908607,637112,2198297,103480,5580,4146,991,62992,168,68482,366494,4546,24811,448408,165507,426916,214137,137899,1470688,569166,335432
428,MADHYA PRADESH,Damoh,1264219,661873,602346,747715,445737,301978,1186420,47966,1681,1096,119,25005,82,23270,187731,1432,10504,303387,66514,217296,95032,64414,768929,312593,181403
429,MADHYA PRADESH,Satna,2228935,1157495,1071440,1371781,801051,570730,2158623,59471,2228,1163,364,3135,1689,55196,294702,3754,22751,461831,114173,334635,197373,148091,1365647,535086,326049
430,MADHYA PRADESH,Rewa,2365106,1225100,1140006,1441757,845572,596185,2268838,85414,1964,832,986,655,232,45180,251132,3406,31194,523910,94489,330131,206274,180635,1460075,540235,362228
431,MADHYA PRADESH,Umaria,644758,330674,314084,356672,210907,145765,620515,15966,667,190,70,220,6028,12713,67975,839,6360,138100,29966,94011,43418,27216,403030,158140,82984
432,MADHYA PRADESH,Neemuch,826067,422653,403414,508834,307889,200945,741288,67324,1508,1110,224,14165,115,34666,145258,1945,8342,174235,67962,127167,69134,53465,476995,217403,131227
433,MADHYA PRADESH,Mandsaur,1340411,682851,657560,834591,502898,331693,1192588,125548,1120,849,242,19029,77,47723,239885,2324,12507,302287,81832,217234,109751,77219,781000,346861,211815
434,MADHYA PRADESH,Ratlam,1455069,738241,716828,825880,485090,340790,1267043,151071,3996,1353,175,29353,123,67830,213825,3644,14905,266716,107151,194131,111461,86507,876905,363858,213560
435,MADHYA PRADESH,Ujjain,1986864,1016289,970575,1240990,730817,510173,1718204,233133,4659,3241,945,24622,211,123526,323379,7501,27733,300765,188684,280030,159263,119586,1156749,508302,320502
436,MADHYA PRADESH,Shajapur,1512681,780520,732161,894612,543509,351103,1321003,174724,815,631,179,13755,66,32204,232735,1382,10797,312611,73997,239081,111366,75967,901161,369741,240768
437,MADHYA PRADESH,Dewas,1563715,805359,758356,925369,550716,374653,1376591,174259,2355,2330,382,6497,72,59521,270457,3518,16523,274995,101014,225380,125772,94403,943954,388648,230280
438,MADHYA PRADESH,Dhar,2185793,1112725,1073068,1077338,638479,438859,2051219,116202,2261,1607,328,12199,88,75637,349639,2388,18626,412348,103364,244058,134279,99882,1377326,533243,273050
439,MADHYA PRADESH,Indore,3276697,1699627,1577070,2309130,1289631,1019499,2728225,415142,18523,25696,11496,71667,720,417170,593576,48691,111478,200371,587947,472233,362209,300076,1877270,894464,493096
440,MADHYA PRADESH,Khargone (West Nimar),1873046,953121,919925,986234,575428,410806,1725441,135085,2075,2896,284,6028,89,51538,304291,2162,14189,383543,76620,256930,114246,89581,1166866,450248,254570
441,MADHYA PRADESH,Barwani,1385881,699340,686541,549926,313642,236284,1318869,58222,2967,2361,416,2289,263,30115,181139,1158,8516,250358,48912,137116,59100,42649,923665,302833,158594
442,MADHYA PRADESH,Rajgarh,1545814,790212,755602,804245,488797,315448,1433879,106928,1243,460,121,1599,50,30688,231130,1611,12718,331894,69823,174381,96386,72316,935230,363218,246447
443,MADHYA PRADESH,Vidisha,1458875,769568,689307,862918,512344,350574,1287391,149548,1313,914,295,18490,70,41617,181510,1926,12888,292579,83830,214603,104007,65581,919239,335690,203005
444,MADHYA PRADESH,Bhopal,2371061,1236130,1134931,1660690,920314,740376,1755861,525434,23432,10789,21688,25950,335,281442,452912,40788,94729,118893,581826,303171,211371,178165,1405814,625594,330291
445,MADHYA PRADESH,Sehore,1311332,683743,627589,780362,469208,311154,1163607,137980,1404,640,357,6232,66,30868,212138,1566,11166,270427,59220,179388,120687,77541,817608,305605,187611
446,MADHYA PRADESH,Raisen,1331597,700358,631239,820220,479093,341127,1195235,120331,1725,2262,253,10637,190,34499,194373,1141,9931,251272,74441,210402,117908,69419,832939,316319,181524
447,MADHYA PRADESH,Betul,1575362,799236,776126,939769,529783,409986,1505745,37590,3271,1078,9651,3759,13048,45270,230974,2109,13755,318945,87704,232532,140402,105696,938819,392728,242592
448,MADHYA PRADESH,Harda,570465,294838,275627,352550,203807,148743,527462,38640,683,676,93,1573,55,22174,95066,986,5376,112714,31845,87733,46556,31939,347774,138882,83417
449,MADHYA PRADESH,Hoshangabad,1241350,648725,592625,810644,469199,341445,1175203,52269,4453,3127,1550,3888,107,61415,198076,2871,14456,209650,105746,183156,119682,89589,730768,318232,191501
450,MADHYA PRADESH,Katni,1292042,662013,630029,790773,460583,330190,1240650,37232,3158,1167,157,5342,2643,38086,172416,2179,13094,276151,72880,207366,112242,80935,778414,326582,185857
451,MADHYA PRADESH,Jabalpur,2463289,1277278,1186011,1756468,980307,776161,2159065,203652,23142,13256,4320,33728,21010,192581,452023,20443,58601,272284,352477,352284,268333,222987,1387369,679185,391903
452,MADHYA PRADESH,Narsimhapur,1091854,568810,523044,718785,413491,305294,1038628,39048,914,997,262,8125,2873,28462,172144,1603,9751,230659,53059,180070,109996,82020,620415,289560,180831
453,MADHYA PRADESH,Dindori,704524,351913,352611,378714,222759,155955,605435,6736,4238,260,61,687,84006,4576,62372,554,6447,218021,9774,113875,49277,31104,419531,181841,102522
454,MADHYA PRADESH,Mandla,1054905,525272,529633,604962,348033,256929,849518,16558,12450,436,297,1789,170533,18413,143803,912,9042,279674,37258,170994,82166,58066,614794,278553,160510
455,MADHYA PRADESH,Chhindwara,2090922,1064468,1026454,1294198,731294,562904,1923920,100692,4893,2258,24471,7830,25771,73284,344875,3588,20034,413142,140802,336391,215098,167946,1232263,535316,321977
456,MADHYA PRADESH,Seoni,1379131,695879,683252,864194,485341,378853,1145052,79739,1857,360,7288,4982,135315,26893,228695,1182,10417,335045,47542,241327,116124,84398,809922,363037,205237
457,MADHYA PRADESH,Balaghat,1701698,842178,859520,1147623,626468,521155,1519384,38542,5295,1050,72162,4778,58064,27283,277927,1712,13306,400074,70793,312640,168635,126308,969773,453605,276799
458,MADHYA PRADESH,Guna,1241519,649362,592157,653980,400537,253443,1172248,49203,1208,3271,529,13474,52,34184,144248,2482,11740,212765,72320,157141,79924,50724,793150,285176,162104
459,MADHYA PRADESH,Ashoknagar,845071,443837,401234,469109,290304,178805,778214,40707,635,8009,1352,15094,27,15886,84720,619,6016,169606,37135,117053,51499,29551,535410,194772,114131
460,MADHYA PRADESH,Shahdol,1066063,540021,526042,604194,348761,255433,997073,42426,2372,912,268,1737,19448,24255,113184,1733,10817,233594,57846,154282,80402,60915,645619,269145,150655
461,MADHYA PRADESH,Anuppur,749237,379114,370123,436595,254120,182475,686524,21473,2132,606,86,1653,35434,23388,81338,1290,7266,147388,60325,115716,58536,42743,444954,193520,109813
462,MADHYA PRADESH,Sidhi,1127033,575912,551121,600785,353030,247755,1077545,34419,511,128,92,93,12556,9569,102228,837,10790,250953,25916,168224,80312,60845,721531,253685,150959
463,MADHYA PRADESH,Singrauli,1178273,613637,564636,585054,359923,225131,1118998,46574,2332,1422,338,182,6139,22141,73091,2627,13939,228732,58593,150446,61089,42434,771725,267189,138276
464,MADHYA PRADESH,Jhabua,1025048,515023,510025,352081,214582,137499,960925,15733,38423,141,65,8871,388,16683,125411,744,5591,211080,24713,79781,38236,28990,684200,220769,119681
465,MADHYA PRADESH,Alirajpur,728999,362542,366457,209754,120905,88849,705060,17660,4600,65,36,780,271,9021,81006,297,5126,135866,14662,44457,18213,15358,488848,155328,84149
466,MADHYA PRADESH,Khandwa (East Nimar),1310061,674329,635732,731615,432259,299356,1182330,116277,2800,1726,1425,3856,158,40893,202710,1907,10404,265663,63425,201537,77010,56847,809091,313456,186928
467,MADHYA PRADESH,Burhanpur,757847,388504,369343,408679,233073,175606,552526,180840,1199,1074,19883,1884,99,40478,112420,986,5058,115979,62861,119468,57058,42618,469838,181605,106034
468,GUJARAT,Kachchh,2092371,1096737,995634,1252319,739239,513080,1608921,442355,6192,6353,490,25312,98,140067,403294,9631,31961,488293,250982,469402,157284,61366,1278604,524052,286086
469,GUJARAT,Banas Kantha,3120506,1610379,1510127,1704923,1048402,656521,2890305,213505,1686,486,281,12659,83,84832,396873,3424,23149,666773,137424,859436,226765,105372,1984701,738412,394793
470,GUJARAT,Patan,1343734,694397,649337,837913,494631,343282,1194745,142797,916,337,66,3602,66,66310,223424,2231,12870,301483,102655,364667,129584,57494,786357,341381,213465
471,GUJARAT,Mahesana,2035064,1056520,978544,1502645,847499,655146,1885732,136431,1954,1082,146,7087,88,180985,385609,7759,33731,476005,183738,467128,266108,139208,1119451,554432,357578
472,GUJARAT,Sabar Kantha,2428589,1244231,1184358,1578734,918625,660109,2260560,148563,6375,614,168,11110,52,99037,438606,5262,25425,544024,121509,597667,333650,198963,1393131,630963,400905
473,GUJARAT,Gandhinagar,1391753,723864,667889,1030494,582686,447808,1319586,57273,3237,1985,497,6405,82,132683,262539,12107,33662,237624,195634,363156,196456,95730,769329,391862,224886
474,GUJARAT,Ahmadabad,7214225,3788051,3426174,5435760,3025463,2410297,6042416,883238,50754,14542,4518,209287,2055,965017,1456046,126341,273651,353169,1845383,1614370,1135058,549188,3952858,2043895,1198152
475,GUJARAT,Surendranagar,1756268,909917,846351,1093626,643221,450405,1620282,109681,1419,512,312,22992,128,77857,302068,2975,15309,340788,159810,482679,172947,61164,1033435,439352,280582
476,GUJARAT,Rajkot,3804558,1974445,1830113,2725056,1514075,1210981,3397406,361388,5478,1918,1170,33591,269,362140,747352,21785,67370,459474,721532,913928,540278,204306,2080568,1052871,659576
477,GUJARAT,Jamnagar,2160119,1114192,1045927,1396534,795140,601394,1810443,320805,4392,1873,1086,18856,136,142974,386538,11573,30384,347158,299167,491009,199634,74029,1220598,576319,358455
478,GUJARAT,Porbandar,585449,300209,285240,393678,221621,172057,549749,33565,500,248,91,515,38,41686,117040,1653,5639,96015,87557,150643,63458,25119,314886,163777,105638
479,GUJARAT,Junagadh,2743082,1404356,1338726,1842818,1046981,795837,2397056,334858,2586,1110,1291,3841,77,144561,498326,6628,26991,489237,287506,700258,311849,137505,1527888,749156,461650
480,GUJARAT,Amreli,1514190,771049,743141,995459,558180,437279,1410463,99105,919,415,243,2053,40,80378,273331,2538,12765,313714,116899,412251,149478,66785,836343,389892,282409
481,GUJARAT,Bhavnagar,2880365,1490201,1390164,1887255,1087371,799884,2632574,212863,3457,1410,445,26974,127,171327,500757,7297,28925,387251,356826,929286,281250,96241,1708938,720241,445121
482,GUJARAT,Anand,2092745,1087224,1005521,1551253,874481,676772,1798794,250919,29789,1524,267,8591,142,147122,378310,9902,32523,413078,208909,560542,283571,127459,1134962,585093,366419
483,GUJARAT,Kheda,2299885,1185727,1114158,1660243,942480,717763,2000884,264482,26629,1403,300,3479,82,99982,372226,5710,24502,461479,160547,641541,310341,148530,1260660,628221,388646
484,GUJARAT,Panch Mahals,2390776,1226961,1163815,1440805,858054,582751,2220974,158513,2863,662,337,5236,131,59096,398937,3456,19753,463363,104238,601358,283648,139773,1421859,599925,363391
485,GUJARAT,Dohad,2127086,1068651,1058435,1007171,599035,408136,2045243,66353,9907,493,260,3331,114,28030,241117,1733,13497,323697,52807,392739,156556,95794,1402616,467115,252153
486,GUJARAT,Vadodara,4165626,2153736,2011890,2893080,1614087,1278993,3713941,384579,23813,9340,2069,27650,1124,411734,798277,53606,117818,547454,692971,865726,504732,268451,2213474,1190041,733710
487,GUJARAT,Narmada,590297,301086,289211,370336,211767,158569,559848,22600,4413,147,80,373,2078,12997,101940,576,4081,138121,22248,146661,52687,28396,336830,157910,93466
488,GUJARAT,Bharuch,1551019,805707,745312,1118276,623047,495229,1188204,343511,9494,1733,442,4813,342,121542,309091,10257,29531,300677,181319,367060,188539,83895,844298,442523,254728
489,GUJARAT,The Dangs,228291,113821,114470,140968,77314,63654,203545,3593,20029,69,32,39,560,2029,29794,137,1393,52102,7516,59954,14872,7560,146095,51821,30027
490,GUJARAT,Navsari,1329672,678165,651507,1001909,539471,462438,1225087,78669,5733,2459,601,13386,2823,114620,267679,6726,24397,267739,141417,266733,190861,112460,673014,390349,258957
491,GUJARAT,Valsad,1705678,887222,818456,1170657,655528,515129,1571147,94034,19661,1589,913,13809,1417,137209,329218,11020,31285,262410,235981,303197,212318,123281,944532,485874,259906
492,GUJARAT,Surat,6081322,3402224,2679098,4571410,2687468,1883942,5260193,660772,21052,5703,12902,112835,3920,815423,1252452,55694,149331,369840,1529998,1332690,896927,433651,3563443,1740746,723415
493,GUJARAT,Tapi,807022,402188,404834,490036,269007,221029,725890,22309,52930,239,1476,1828,408,27759,142370,1601,7567,192272,26217,174139,86580,49482,422047,235019,144575
494,DAMAN AND DIU,Diu,52074,25642,26432,38058,20327,17731,48613,3190,202,3,1,43,0,6177,10575,368,1055,9788,9062,7668,9051,4367,30475,13932,7599
495,DAMAN AND DIU,Daman,191173,124659,66514,150348,104316,46032,171537,16087,2618,169,216,244,79,25844,49249,1316,4543,10006,61073,28094,26991,14170,122589,52868,15428
496,DADRA AND NAGAR HAVELI,Dadra AND Nagar Haveli,343709,193760,149949,223230,142521,80709,322857,12922,5113,217,634,1186,293,29101,69558,2013,6017,48221,60562,69140,37809,22700,225103,87888,30346
497,MAHARASHTRA,Nandurbar,1648295,833170,815125,906509,512099,394410,1521618,96182,8467,685,4969,6191,2907,54335,186202,2579,17047,333440,71572,218718,160961,113019,1011352,390419,241534
498,MAHARASHTRA,Dhule,2050862,1054031,996831,1293916,723388,570528,1825460,187901,3653,1422,13405,12818,912,126138,315332,6065,27139,382777,146013,323641,290656,182739,1167569,513908,350747
499,MAHARASHTRA,Jalgaon,4229917,2197365,2032552,2891882,1629223,1262659,3457615,560261,7091,3091,143865,27404,9662,350029,720791,14297,56775,796223,373565,735730,627198,375643,2352671,1080237,763529
500,MAHARASHTRA,Buldana,2586258,1337560,1248698,1879874,1048892,830982,1845424,354236,3531,1668,364229,12242,522,103898,423036,4767,24877,575405,152787,457067,406379,228266,1467457,641840,473071
501,MAHARASHTRA,Akola,1813906,932334,881572,1411281,758977,652304,1107809,357253,4483,1504,328033,10205,389,107463,314490,6163,24232,308158,196077,328367,291391,205723,998769,483200,327932
502,MAHARASHTRA,Washim,1197160,620302,576858,869917,487703,382214,859949,142672,1707,518,179330,8476,381,36840,196022,1875,10757,274925,55921,238985,162762,116032,682919,302425,210185
503,MAHARASHTRA,Amravati,2888445,1480768,1407677,2251875,1207104,1044771,2055177,421410,7223,2242,383891,11360,3288,175917,512492,9438,36185,508921,272894,468853,525116,346876,1540590,783549,553265
504,MAHARASHTRA,Wardha,1300774,668385,632389,1019458,552617,466841,1057096,53854,2696,2147,175417,5663,2254,114029,266155,4313,16260,268486,120218,186781,225208,158055,659540,370227,270107
505,MAHARASHTRA,Nagpur,4653570,2384975,2268595,3673808,1959220,1714588,3492202,390974,34667,20469,668050,24528,12181,599780,917626,57964,135750,430844,877522,666693,790443,542228,2460820,1361821,818467
506,MAHARASHTRA,Bhandara,1200334,605520,594814,899860,488709,411151,1009352,26502,2145,831,154458,1017,3555,55948,227025,2932,13165,283843,72575,187870,204435,153749,626978,333120,232754
507,MAHARASHTRA,Gondiya,1322507,661554,660953,1004243,542837,461406,1153861,26157,1827,2160,125282,1568,5080,38044,239981,2866,13595,319702,66813,237888,225595,159570,704214,371908,244111
508,MAHARASHTRA,Gadchiroli,1072942,541328,531614,708365,395110,313255,927411,21063,3872,681,82695,454,30047,31014,145459,1663,11064,293586,37254,145767,140345,95911,605217,289448,175518
509,MAHARASHTRA,Chandrapur,2204307,1123834,1080473,1578615,872565,706050,1780085,92297,10701,5251,286734,3861,23188,172661,418666,8239,31419,451324,233331,316192,351610,241179,1163802,629890,403719
510,MAHARASHTRA,Yavatmal,2772348,1419965,1352383,2022574,1115980,906594,2251401,239236,4567,1596,249874,11422,3745,134500,446516,6094,29917,629243,168889,562739,389924,245819,1549263,733258,483813
511,MAHARASHTRA,Nanded,3361292,1730075,1631217,2189425,1255222,934203,2501741,471951,3902,13540,354189,5049,1273,116284,488748,7548,43055,591119,230563,691348,416761,255650,2008314,809135,535827
512,MAHARASHTRA,Hingoli,1177345,606294,571051,790743,450551,340192,863199,127552,992,643,176679,5278,103,27700,159114,1221,9676,242456,41913,266649,136075,74544,692117,281905,201828
513,MAHARASHTRA,Parbhani,1836086,942870,893216,1157814,666291,491523,1328385,306364,2081,1371,187899,6238,262,59272,272486,3982,21196,293480,133759,396713,229103,116041,1078349,436486,313455
514,MAHARASHTRA,Jalna,1959046,1011473,947573,1195523,699428,496095,1504641,274221,12542,1629,152540,9619,336,60219,288895,3791,17236,404746,98084,422207,225331,120715,1150104,454836,341479
515,MAHARASHTRA,Aurangabad,3701282,1924469,1776813,2503837,1430936,1072901,2545438,786677,15991,5142,309093,30981,1005,246324,589477,23258,69937,551789,427343,686271,537936,310762,2211996,909771,571932
516,MAHARASHTRA,Nashik,6107187,3157186,2950001,4345366,2397538,1947828,5237009,693052,23946,8912,94783,38212,1795,536781,904710,45039,138887,904661,764271,1038955,830070,485052,3580633,1567252,948469
517,MAHARASHTRA,Thane,11060148,5865078,5195070,8227161,4591396,3635765,8716055,1355630,280700,39149,449617,172052,9862,1610460,2231800,256170,551643,713994,2904157,1530916,1751284,1080597,6184519,3241888,1579921
518,MAHARASHTRA,Mumbai Suburban,9356962,5031323,4325639,7575485,4223029,3352456,6337132,1795788,322476,47288,469568,343639,18345,1586946,1964657,404757,652946,0,3078829,1140066,1914168,1091433,4936360,2812001,1575566
519,MAHARASHTRA,Mumbai,3085411,1684608,1400803,2509022,1410680,1098342,1873762,773173,84555,13471,134257,166000,31094,494883,625927,121344,204234,0,1107321,399792,665263,378764,1553005,933586,583243
520,MAHARASHTRA,Raigarh,2634200,1344345,1289855,1939994,1059692,880302,2239370,227465,17452,7477,121791,12260,1159,328277,547206,38570,96301,581868,377160,407662,441072,221410,1414154,748339,462741
521,MAHARASHTRA,Pune,9429408,4924105,4505303,7171723,3940210,3231513,8090254,673704,134192,27090,340404,127786,9873,1410448,1925019,235018,490260,1165718,2056739,1234549,1414563,867256,5184734,2624165,1586132
522,MAHARASHTRA,Ahmadnagar,4543159,2342825,2200334,3151890,1773355,1378535,4107143,320743,22766,5431,33898,38718,1408,300116,677592,18370,68902,1041393,282011,833691,745895,411908,2496560,1166245,865139
523,MAHARASHTRA,Bid,2585049,1349106,1235943,1718507,987185,731322,2174672,320395,2097,824,68482,8719,399,82098,402052,5614,29198,563114,135457,436446,316758,206530,1473882,614615,494436
524,MAHARASHTRA,Latur,2454196,1273140,1181056,1650672,932432,718240,2006984,367664,2387,935,66535,6387,310,96018,381722,6217,29758,428616,157016,423711,380344,224998,1406364,584243,453229
525,MAHARASHTRA,Osmanabad,1657576,861535,796041,1137810,644304,493506,1437623,178925,942,340,28216,4530,195,49180,240042,3209,18183,367158,77832,300965,260772,139479,917343,393539,343021
526,MAHARASHTRA,Solapur,4317756,2227852,2089904,2910676,1651266,1259410,3795424,441254,9882,1279,35497,28134,568,248255,595560,15145,59296,779929,376302,788150,643327,328020,2402794,1089900,809935
527,MAHARASHTRA,Satara,3003741,1510842,1492899,2225694,1201034,1024660,2691952,146970,4408,1182,141315,12810,676,271186,562653,14093,57423,774522,200949,495822,556706,299993,1517324,800492,671702
528,MAHARASHTRA,Ratnagiri,1615069,761121,853948,1199392,619012,580380,1307211,187197,1990,230,113467,3347,95,100860,367352,7752,31062,538538,100824,378554,247257,111600,777431,438905,396967
529,MAHARASHTRA,Sindhudurg,849651,417332,432319,666067,348289,317778,780384,26264,15471,219,24762,1046,53,42540,194228,3517,15721,295847,44989,165284,175070,89023,382024,242296,222963
530,MAHARASHTRA,Kolhapur,3876001,1980658,1895343,2825845,1559760,1266085,3379906,286558,15573,1570,29766,154882,1274,340318,770005,22269,71879,796496,382818,622362,698604,395234,1972486,1084858,801590
531,MAHARASHTRA,Sangli,2822143,1435728,1386415,2049467,1121550,927917,2440312,239607,9098,1260,38210,87453,769,227034,485126,13212,49056,626872,226801,507318,453404,244804,1450907,752303,603739
532,ANDHRA PRADESH,Adilabad,2741239,1369597,1371642,1483347,856350,626997,2399901,275970,15422,1377,25510,617,322,194954,566108,5512,45202,597466,220248,344167,225957,143143,1536378,704551,422522
533,ANDHRA PRADESH,Nizamabad,2551335,1250641,1300694,1389810,790214,599596,2123426,391596,19653,2357,1847,542,146,186740,545913,5261,35036,565165,155133,421399,396396,223365,1399773,676401,437573
534,ANDHRA PRADESH,Karimnagar,3776269,1880800,1895469,2206829,1257238,949591,3491139,244723,24979,2086,332,312,115,344667,926768,8831,46584,877236,288044,453505,463403,293493,1940234,1031735,728494
535,ANDHRA PRADESH,Medak,3033288,1523030,1510258,1637137,953406,683731,2637313,342449,34301,1309,554,457,217,163074,604719,8635,47170,593653,195479,503713,373729,201928,1735769,779738,509368
536,ANDHRA PRADESH,Hyderabad,3943323,2018575,1924748,2892155,1542688,1349467,2046051,1713405,87522,11446,1268,19560,1929,581509,869721,149034,274653,0,1066289,596591,811501,517425,2249130,1068243,542669
537,ANDHRA PRADESH,Rangareddy,5296741,2701008,2595733,3538028,1948784,1589244,4458858,617518,144037,8062,2041,3536,1629,773246,1211352,142879,291745,432098,1129224,756588,821821,598940,2966988,1455864,738037
538,ANDHRA PRADESH,Mahbubnagar,4053028,2050386,2002642,1940646,1158386,782260,3673456,334172,21345,658,290,388,267,136843,757821,6153,60812,848963,161052,596134,308575,169083,2360874,1027525,637430
539,ANDHRA PRADESH,Nalgonda,3488809,1759772,1729037,2001019,1160757,840262,3249231,188646,35025,937,241,250,132,228818,789225,7715,53777,833504,197433,518669,367424,238695,1932349,897137,651748
540,ANDHRA PRADESH,Warangal,3512576,1759281,1753295,2065023,1179790,885233,3273755,197333,31377,1453,253,569,126,237349,828077,12952,59006,758738,288249,457529,430242,279234,1891954,941452,664872
541,ANDHRA PRADESH,Khammam,2797370,1390988,1406382,1630234,901640,728594,2595321,158887,33463,655,217,459,539,219710,668519,8628,42171,669262,201363,346118,238811,154774,1530602,774583,477955
542,ANDHRA PRADESH,Srikakulam,2703114,1341738,1361376,1495381,857824,637557,2666950,9025,18879,193,77,160,106,149554,615432,3988,32280,752752,149684,348354,251521,146721,1423119,747385,528736
543,ANDHRA PRADESH,Vizianagaram,2344474,1161477,1182997,1238388,707503,530885,2299129,16423,17853,380,114,815,183,140361,527736,4453,24128,592458,157056,300057,186576,115144,1206366,666394,451469
544,ANDHRA PRADESH,Visakhapatnam,4290589,2138910,2151679,2568249,1422878,1145371,4105320,86330,77607,2301,850,2316,286,495389,1010250,45492,124729,718847,660493,568178,541942,329770,2274553,1245627,716066
545,ANDHRA PRADESH,East Godavari,5154296,2569688,2584608,3288577,1716933,1571644,4983330,77777,77825,738,413,4149,403,479914,1297273,22411,93784,1199479,406362,947606,521562,271809,2724328,1478954,948122
546,ANDHRA PRADESH,West Godavari,3936966,1964918,1972048,2652389,1379223,1273166,3733191,86142,109120,288,209,1578,211,435334,1017568,12050,55613,1007255,248373,718960,415178,215863,2051513,1127764,755533
547,ANDHRA PRADESH,Krishna,4517398,2267375,2250023,3009718,1598959,1410759,4023678,307043,145598,1393,863,6320,906,632890,1163932,30438,101450,909292,567042,692968,531821,312753,2340943,1284630,833959
548,ANDHRA PRADESH,Guntur,4887813,2440521,2447292,2960441,1634726,1325715,4217597,559770,89763,764,323,3282,332,648568,1186028,19383,80434,1069877,513113,845810,453446,246580,2583462,1371811,928462
549,ANDHRA PRADESH,Prakasam,3397448,1714764,1682684,1904435,1107686,796749,3150195,220654,18775,266,97,204,206,290947,763746,6151,43611,873486,214089,495556,249034,142026,1832695,917391,641707
550,ANDHRA PRADESH,Sri Potti Sriramulu Nellore,2963557,1492974,1470583,1832189,1011922,820267,2639737,288378,26202,678,239,2610,146,233623,696024,10201,39583,689137,264376,451130,267243,161031,1574713,840448,544022
551,ANDHRA PRADESH,Y.S.R.,2882469,1451777,1430692,1716766,994699,722067,2391231,454108,23281,367,105,751,245,209532,671764,6667,39923,590589,293504,509166,258798,140145,1553667,793583,530412
552,ANDHRA PRADESH,Kurnool,4053463,2039227,2014236,2127161,1246369,880792,3328380,670737,33165,737,255,2235,434,195001,816721,10081,56478,783853,306982,672951,271828,152453,2368684,1053618,609027
553,ANDHRA PRADESH,Anantapur,4081148,2064495,2016653,2310960,1338474,972486,3599372,443456,20463,932,341,1417,309,223016,897970,8606,48299,902997,341431,720357,331793,162175,2189396,1104565,739612
554,ANDHRA PRADESH,Chittoor,4174064,2090204,2083860,2667878,1484794,1183084,3737588,397870,24129,867,253,1322,358,324406,944555,13763,67087,907970,395900,770836,548336,265199,2148179,1159053,807430
555,KARNATAKA,Belgaum,4779661,2423063,2356598,3052032,1725548,1326484,4038331,528412,18418,2037,1086,178310,149,240742,808827,17560,73497,962777,356198,1057297,532584,279583,2669348,1251116,857143
556,KARNATAKA,Bagalkot,1889752,950111,939641,1113412,641388,472024,1634229,219991,3433,443,412,25198,166,49345,301389,3745,26297,324799,165858,385986,171505,115095,1123443,465706,299774
557,KARNATAKA,Bijapur,2177331,1111022,1066309,1248268,730566,517702,1786830,369588,2433,558,374,8665,499,58890,326594,4987,36571,396449,131041,430477,182756,129109,1295274,527085,353549
558,KARNATAKA,Bidar,1703300,870665,832635,1042673,597198,445475,1289709,335184,35438,1145,30453,680,521,34924,271439,3971,36072,287134,102269,474921,181076,105347,1018195,397120,287271
559,KARNATAKA,Raichur,1928812,964511,964301,979769,577213,402556,1634062,272022,10394,538,2265,4156,29,51443,314547,5200,33903,330446,125402,385673,153346,82082,1196670,465173,265810
560,KARNATAKA,Koppal,1389920,699926,689994,809085,468785,340300,1218024,161770,4081,296,85,2898,461,31673,223166,2135,15263,272968,64681,357098,113028,72243,855430,330393,202984
561,KARNATAKA,Gadag,1064570,537147,527423,700177,397178,302999,907750,143665,3432,231,79,5993,74,31959,198064,3373,15625,180066,111906,244640,105150,63816,601578,279069,183409
562,KARNATAKA,Dharwad,1847023,937206,909817,1301664,711776,589888,1390020,386834,28747,1486,715,29037,2748,140584,347962,15013,49585,199707,283397,383041,227113,143453,1017935,505688,322577
563,KARNATAKA,Uttara Kannada,1437169,726256,710913,1081906,582099,499807,1187306,187974,44530,305,12804,3624,64,88187,290791,6129,21501,334281,140511,338390,210270,108521,742281,412649,281542
564,KARNATAKA,Haveri,1597668,819128,778540,1085443,603793,481650,1281878,297927,2406,419,68,9834,702,41517,295937,2456,17819,315076,98488,430529,158442,84357,904453,426094,266586
565,KARNATAKA,Bellary,2452595,1236954,1215641,1421621,813440,608181,2103633,320834,14014,1029,284,8044,54,114040,440374,9626,40190,371604,251876,529576,203139,121453,1487013,617276,346905
566,KARNATAKA,Chitradurga,1659456,840843,818613,1087392,607188,480204,1520553,128751,3175,322,84,3778,128,60522,307257,5711,28897,349704,97644,332648,217567,132435,891230,460057,306412
567,KARNATAKA,Davanagere,1945497,986400,959097,1308540,720637,587903,1658465,265805,5420,307,164,6417,1743,100812,372671,7320,39416,354680,176011,446793,269748,154781,1068518,538551,336173
568,KARNATAKA,Shimoga,1752753,877415,875338,1263016,674938,588078,1479424,234664,26521,400,120,9234,367,128087,363835,8791,35207,352444,201662,385978,251095,132138,913150,513297,325542
569,KARNATAKA,Udupi,1177361,562131,615230,926429,465704,460725,1009179,96740,65838,232,161,4534,155,83810,224814,9070,24817,269817,115572,286193,178094,109663,559565,340903,276234
570,KARNATAKA,Chikmagalur,1137961,566622,571339,818345,438257,380088,1004553,101235,26000,182,109,4710,4,74534,238505,4510,18727,311660,80766,257550,177585,96470,564994,341380,230864
571,KARNATAKA,Tumkur,2678980,1350594,1328386,1813391,1006024,807367,2413812,245923,9130,477,187,5067,161,116539,562769,7971,41751,685443,204799,500593,423738,213588,1351461,760936,564196
572,KARNATAKA,Bangalore,9621551,5022661,4598890,7512276,4078041,3434235,7725070,1248294,504863,13254,5531,83090,498,1788912,2330631,430880,790103,300576,2967384,1509693,2018079,1196965,5275666,2909575,1424195
573,KARNATAKA,Mandya,1805769,905085,900684,1149649,638668,510981,1712695,77801,8506,322,299,3607,109,80452,391033,3367,20265,458867,103435,309476,308624,157839,902307,527236,375100
574,KARNATAKA,Hassan,1776421,883667,892754,1225256,668836,556420,1630814,120011,15611,289,623,5820,3,90599,400702,4851,23444,496103,132878,354480,292369,147837,877340,522039,375918
575,KARNATAKA,Dakshina Kannada,2089649,1034714,1054935,1666323,864019,802304,1403854,501896,171398,525,445,10397,138,175270,386300,23305,55233,332919,317373,520715,309141,178989,1072417,608450,407902
576,KARNATAKA,Kodagu,554519,274608,279911,412877,215302,197575,448986,87274,17130,139,126,250,220,40958,113931,3308,10758,181182,31792,111562,86232,54939,276918,163360,113919
577,KARNATAKA,Mysore,3001127,1511600,1489527,1962180,1063766,898414,2631985,290549,39361,1255,16194,14419,493,273706,640868,28397,80086,540596,380386,537686,452412,222230,1580116,865220,553705
578,KARNATAKA,Chamarajanagar,1020791,512231,508560,565279,312957,252322,942071,47210,22183,136,4872,761,140,40944,212156,1334,11863,262680,57200,204765,109361,57053,519046,294903,206003
579,KARNATAKA,Gulbarga,2566326,1301755,1264571,1427368,828359,599009,2011014,513125,8344,826,9589,4865,330,77334,404767,9752,52483,400704,199303,579057,290570,153746,1570719,604665,388935
580,KARNATAKA,Yadgir,1174271,590329,583942,510003,306751,203252,997974,155340,8677,331,7970,1519,996,18978,156222,1410,13216,207787,55208,204926,73599,40104,738451,267222,168186
581,KARNATAKA,Kolar,1536401,776396,760005,1016219,564110,452109,1305431,199873,26722,253,150,2494,92,72407,309494,5051,27235,326567,151042,289841,225498,107929,841499,419380,274240
582,KARNATAKA,Chikkaballapura,1255104,636437,618667,783222,442158,341064,1100131,147810,4684,264,85,975,77,50936,257243,2672,17360,315649,94053,219778,187040,80928,666451,350299,236864
583,KARNATAKA,Bangalore Rural,990923,509172,481751,688749,385311,303438,890429,92252,5368,389,272,1045,85,77454,214253,3729,17066,231052,95410,168165,166677,82235,535765,278153,176083
584,KARNATAKA,Ramanagara,1082636,548008,534628,674758,378461,296297,959260,114311,6390,383,104,859,57,46872,238926,2844,18003,266950,84834,187673,155358,77233,559082,297330,224785
585,GOA,North Goa,818008,416677,401331,663060,351738,311322,622213,57941,134169,618,553,546,166,132612,173951,23440,56266,115859,209230,101521,153887,87513,380926,260533,175035
586,GOA,South Goa,640537,322463,318074,502427,264085,238342,341664,63623,231961,855,542,563,92,102191,138810,17624,44299,88620,162873,73039,108989,64786,314480,194872,130605
587,LAKSHADWEEP,Lakshadweep,64473,33123,31350,52553,28023,24530,1788,62268,317,8,10,11,7,1779,10669,327,1501,5289,15953,13391,13997,6642,33877,19244,11237
588,KERALA,Kasaragod,1307375,628613,678762,1037492,516476,521016,729987,486913,87454,151,362,130,152,74092,237670,10378,32484,251641,166164,268084,238900,122657,688763,369883,246975
589,KERALA,Kannur,2523003,1181446,1341557,2138434,1012956,1125478,1509592,742483,262526,424,1118,193,722,115356,511167,32653,83940,306288,566191,487016,540383,308670,1187177,741984,588081
590,KERALA,Wayanad,817420,401684,415736,645585,328136,317449,404460,234185,174453,61,312,1797,286,23028,149864,4712,15944,266183,11805,144896,184266,87042,412806,246590,157326
591,KERALA,Kozhikode,3086293,1470942,1615351,2615443,1266939,1348504,1734958,1211131,131516,297,235,601,588,145558,641660,36791,107602,323793,666543,564392,630818,351267,1487644,909581,686109
592,KERALA,Malappuram,4112920,1960328,2152592,3311315,1597404,1713911,1135259,2888849,81556,205,179,68,579,139994,730119,27909,119918,634543,522586,770417,933793,392867,2406005,1041361,662311
593,KERALA,Palakkad,2809934,1359478,1450456,2239492,1122600,1116892,1875980,812936,114397,220,238,78,400,178386,587583,27162,69440,665899,228442,492864,572412,232109,1395222,802611,608966
594,KERALA,Thrissur,3121200,1480763,1640437,2678548,1282261,1396287,1823442,532839,757484,259,278,62,585,338350,721625,56148,132774,336748,715119,445696,821831,362657,1394214,931841,792182
595,KERALA,Ernakulam,3282388,1619557,1662831,2855676,1425723,1429953,1509557,514397,1248137,860,614,1176,1083,499291,771287,88737,184167,369694,804997,446380,702511,389793,1396968,1024720,858010
596,KERALA,Idukki,1108974,552808,556166,923010,471881,451129,541854,82206,481507,100,189,44,384,54626,244844,8250,24863,391610,20823,166604,261237,136428,494456,352163,261471
597,KERALA,Kottayam,1974551,968289,1006262,1749798,861592,888206,983598,126499,858608,204,358,83,565,187213,464039,37849,83999,481967,196194,271496,475724,280720,811653,596302,565048
598,KERALA,Alappuzha,2127789,1013142,1114647,1852797,890552,962245,1460447,224545,435056,268,146,74,311,274392,507913,28842,71593,331419,392117,334339,573306,274789,891512,648522,585591
599,KERALA,Pathanamthitta,1197412,561716,635696,1062553,499181,563372,681666,55074,456404,153,150,44,262,128889,302296,21015,49466,414992,57848,146138,371128,172884,479207,346161,370887
600,KERALA,Kollam,2635375,1246968,1388407,2240273,1074345,1165928,1697635,508500,421598,208,272,63,619,263148,630767,31542,83133,523715,401415,406592,595191,307950,1177359,795245,660965
601,KERALA,Thiruvananthapuram,3301427,1581678,1719749,2785408,1354857,1430551,2194057,452915,630573,404,301,76,1082,343590,783872,71621,155321,559293,609824,460690,682156,389161,1488441,989238,820024
602,TAMIL NADU,Thiruvallur,3728104,1876062,1852042,2791721,1495711,1296010,3325823,143093,233633,1422,951,3693,530,621907,909400,75634,174279,387237,732196,461918,622789,303091,1925296,1154775,643614
603,TAMIL NADU,Chennai,4646732,2335844,2310888,3776276,1968079,1808197,3751322,439270,358662,2851,2804,51708,1759,910262,1096334,217368,355838,0,1314125,516445,801050,464207,2271657,1468902,899279
604,TAMIL NADU,Kancheepuram,3998252,2012958,1985294,3013382,1611461,1401921,3537399,173785,256762,1620,990,4962,756,622095,961161,100322,200738,438799,774705,535947,634172,312208,2076492,1200284,715895
605,TAMIL NADU,Vellore,3936331,1961688,1974643,2773928,1504355,1269573,3397857,414760,111390,676,438,3514,251,417535,865913,20623,69912,653499,486801,721473,641585,311434,2096113,1116437,720713
606,TAMIL NADU,Tiruvannamalai,2464875,1235889,1228986,1626813,909803,717010,2294369,91636,66987,232,157,7898,110,176242,549077,6445,27529,563102,147061,442688,343955,174560,1301347,683904,477668
607,TAMIL NADU,Viluppuram,3458873,1740819,1718054,2195776,1234479,961297,3174941,133896,138279,325,238,4032,278,228172,748444,8472,43311,808042,159272,646306,508930,246856,1881463,949892,624042
608,TAMIL NADU,Salem,3482056,1781571,1700485,2285562,1285107,1000455,3326357,95487,53841,412,174,992,246,448968,835377,20660,63867,572813,597539,571061,457866,242306,1737345,1029479,713294
609,TAMIL NADU,Namakkal,1726601,869280,857321,1176131,653312,522819,1673652,32483,16909,183,108,84,199,265276,441044,8960,31581,370357,257127,297179,214836,126468,817905,510413,397064
610,TAMIL NADU,Erode,2251744,1129868,1121876,1492662,828300,664362,2115455,76098,55899,435,148,639,157,371015,595211,18604,58861,411286,432398,345914,269016,155344,1006543,701326,542295
611,TAMIL NADU,The Nilgiris,735394,360143,375251,569647,299447,270200,569477,78452,84610,338,382,910,87,86277,180261,4561,17935,112126,151979,122821,133569,76132,352516,231451,150804
612,TAMIL NADU,Dindigul,2159775,1080938,1078837,1481834,816180,665654,1879494,105012,169945,313,256,71,138,209640,500057,9155,38677,443818,269724,386421,282628,153100,1065734,647806,443528
613,TAMIL NADU,Karur,1064493,528184,536309,727044,401726,325318,993666,53292,16483,115,29,7,79,135831,264949,4915,17995,212241,152420,190229,146666,77874,501585,320645,241843
614,TAMIL NADU,Tiruchirappalli,2722290,1352284,1370006,2038981,1087765,951216,2279413,190964,246156,324,250,628,253,333478,651621,30046,79588,452707,423020,444023,418930,223178,1346661,797258,575960
615,TAMIL NADU,Perambalur,565223,282157,283066,375823,208011,167812,521658,32702,10301,83,39,38,26,49390,135751,1507,7745,155413,33179,106751,71650,41447,291371,158218,115151
616,TAMIL NADU,Ariyalur,754894,374703,380191,480604,269582,211022,708397,7942,37403,104,88,65,42,39642,177502,1749,8371,223955,30322,134123,96860,53934,380484,216103,157771
617,TAMIL NADU,Cuddalore,2605914,1311697,1294217,1815281,1000322,814959,2391675,123749,83334,401,236,1280,138,244610,598412,15396,50938,497429,260780,412237,386652,186394,1364411,764669,473617
618,TAMIL NADU,Nagapattinam,1616450,798127,818323,1213008,640916,572092,1435072,128617,47579,184,450,963,110,143846,381940,5585,19692,399016,118724,323359,249630,122350,828444,463326,323706
619,TAMIL NADU,Thiruvarur,1264277,626693,637584,946471,503085,443386,1132785,96092,33192,258,151,279,64,109580,303114,4416,15535,321331,86848,250163,203450,103908,627880,377118,257116
620,TAMIL NADU,Thanjavur,2405890,1182416,1223474,1790998,944264,846734,2075870,190814,133971,231,795,1256,148,223044,555582,13495,42912,479070,274302,431983,373111,178126,1193095,712017,499235
621,TAMIL NADU,Pudukkottai,1618345,803188,815157,1110545,608776,501769,1428784,114194,72850,119,81,32,293,82967,354493,4494,18272,399712,104229,283299,251855,121706,835853,470428,311175
622,TAMIL NADU,Sivaganga,1339101,668672,670429,959744,526304,433440,1186078,74310,75481,150,80,109,24,113822,314270,5773,24456,309224,143193,216931,199263,103903,666218,391356,280462
623,TAMIL NADU,Madurai,3038252,1526475,1511777,2273430,1223810,1049620,2760502,168881,97711,520,199,1532,305,391821,754141,34097,95311,417718,592723,525151,453509,250285,1528178,913715,593827
624,TAMIL NADU,Theni,1245899,625683,620216,870080,479403,390677,1148990,56751,37574,152,79,28,74,147529,312310,4667,18830,189328,221295,219747,156676,95231,618923,373564,252267
625,TAMIL NADU,Virudhunagar,1942288,967709,974579,1398788,760375,638413,1822626,47838,67405,245,87,98,75,235005,505950,10219,37357,363782,370942,398670,230321,138306,987538,575006,378174
626,TAMIL NADU,Ramanathapuram,1353445,682658,670787,978946,536487,442459,1047411,208038,91139,154,86,29,36,100484,291400,5172,22379,290478,126761,293886,189132,105978,708322,389764,252888
627,TAMIL NADU,Thoothukkudi,1750176,865021,885155,1349697,703106,646591,1373920,80740,291908,127,286,53,112,200616,437916,11455,35791,336078,300661,372036,227154,133010,887717,499377,361374
628,TAMIL NADU,Tirunelveli,3077233,1520912,1556321,2273457,1210710,1062747,2425630,303368,342254,268,373,144,450,361760,779130,19070,63590,547962,516705,618656,390495,220088,1554277,876129,644563
629,TAMIL NADU,Kanniyakumari,1870374,926345,944029,1548738,780541,768197,909872,78590,876299,160,438,156,10,199188,465692,15673,52943,104253,493788,331559,322511,226312,887052,556548,425849
630,TAMIL NADU,Dharmapuri,1506843,774303,732540,917709,527599,390110,1452956,38304,14089,164,39,37,87,104785,337972,3651,18927,396819,91107,240222,177877,103367,804186,434328,267536
631,TAMIL NADU,Krishnagiri,1879809,960232,919577,1187958,667062,520896,1723737,115303,35956,468,121,373,221,151246,409237,9619,38239,437988,142552,290351,276694,133744,1034474,533183,311238
632,TAMIL NADU,Coimbatore,3458045,1729297,1728748,2635907,1394790,1241117,3044145,211035,190314,1112,435,3284,237,675153,896325,63273,149920,284795,884957,466745,526165,273098,1579517,1117221,757738
633,TAMIL NADU,Tiruppur,2479052,1246159,1232893,1760566,959623,800943,2278835,123983,70015,455,198,371,119,463530,655073,17181,55311,356886,538022,444390,298635,170870,1177987,794639,504674
634,PONDICHERRY,Yanam,55626,27301,28325,39274,19919,19355,53537,1191,873,3,1,4,4,10399,12859,207,597,0,15519,10954,8044,4101,31973,15235,8402
635,PONDICHERRY,PONDICHERRY,950289,468258,482031,726649,380946,345703,855294,32674,58328,245,366,1328,147,170120,226316,15437,34007,87296,203741,127754,152482,81519,473705,299746,176204
636,PONDICHERRY,Mahe,41816,19143,22673,36470,16610,19860,27940,12856,958,3,21,14,3,3632,7150,574,1484,0,12110,6043,8773,5711,19760,12543,9428
637,PONDICHERRY,Karaikal,200222,97809,102413,154916,79903,75013,152638,28835,18391,46,63,54,14,28366,47880,1868,4870,35618,33715,32899,29456,15930,102333,60089,37434
638,ANDAMAN AND NICOBAR ISLANDS,Nicobars,36842,20727,16115,25332,15397,9935,8681,1336,26077,343,119,0,248,3644,9301,57,230,15958,0,5984,6325,3668,18786,12088,5922
639,ANDAMAN AND NICOBAR ISLANDS,North  AND Middle Andaman,105597,54861,50736,78683,43186,35497,81163,2165,21870,77,84,4,47,5897,18641,388,1193,39091,1094,21215,12707,10042,57350,30741,17464
640,ANDAMAN AND NICOBAR ISLANDS,South Andaman,238142,127283,110859,190266,105794,84472,174452,28912,33037,866,135,27,269,31998,52479,2789,6771,34901,50631,33267,42150,29910,128402,76332,33128
